post_id,name,post,hashtag
Cmb113Ru1nG,Sugar,"It’s beginning to look a lot like Christmas 🎄 🤶 🎅 
#cupcakes #cupcake #cupcakedecorating #cupcakesofinstagram #cake #cakedecorating #cakedesign #cakes #christmas #cakesofinstagram #cakedecorator #bake #baking #bakery #baker #컵케잌 #dessert #desserts #dessertporn #디저트 #크리스마스 #디저트카페 #베이킹 #빵 #디저트그램 #빵스타그램 #디저트맛집 #크리스마스케이크 #desserttable #dessertlover","['#cupcakes', '#cupcake', '#cupcakedecorating', '#cupcakesofinstagram', '#cake', '#cakedecorating', '#cakedesign', '#cakes', '#christmas', '#cakesofinstagram', '#cakedecorator', '#bake', '#baking', '#bakery', '#baker', '#컵케잌', '#dessert', '#desserts', '#dessertporn', '#디저트', '#크리스마스', '#디저트카페', '#베이킹', '#빵', '#디저트그램', '#빵스타그램', '#디저트맛집', '#크리스마스케이크', '#desserttable', '#dessertlover']"
Cmbvg90p0j4,썸네일,#겨울네일#크리스마스#크리스마스네일#가을네일#패디네일#호박네일#펄네일#그라데이션네일#체크네일#시스루네일#파츠네일#프렌치네일#네일아트#네일스타그램#성남#금광동#단대오거리네일샵#신구대네일#썸네일#somnail#미러네일#무광네일#별빛네일#디젤#젤리핏#띵크오브젤#베리굿젤#모스티브젤#아이스젤,"['#겨울네일', '#크리스마스', '#크리스마스네일', '#가을네일', '#패디네일', '#호박네일', '#펄네일', '#그라데이션네일', '#체크네일', '#시스루네일', '#파츠네일', '#프렌치네일', '#네일아트', '#네일스타그램', '#성남', '#금광동', '#단대오거리네일샵', '#신구대네일', '#썸네일', '#somnail', '#미러네일', '#무광네일', '#별빛네일', '#디젤', '#젤리핏', '#띵크오브젤', '#베리굿젤', '#모스티브젤', '#아이스젤']"
Cmbr_3gP8BR,박세은,"나도 종강해찌룽 ~~~ 😚 
근데 졸업이라 그런지 기분이 아주 밍숭맹숭 ….",[]
Cmb6uFEp3BS,빵유💛,"2022년⭐️
올해 열심히 살았다 지인짜😊
⠀
워시타워... 장기 무이자 있다고...
좋다해노코 
실수로🤦🏻‍♀️🤦🏻‍♀️🤦🏻‍♀️
일시불로 긁은 나는정말.....
⠀
행복... 그 잡채🫶🏻🤣
쓰리잡뛰어야겟다 ㅋㅋㅋㅋㅋㅋ
그치만 올해 제일 잘한일이길 🥺🙇🏻‍♀️🙏🏻
⠀
⠀
컵흘 👂🏻👂🏻귀마개 마음에 쏙 드러😎
카페가고싶다😘
⠀
⠀
⠀
⠀",[]
Cmbt5akPziy,정채림,"트리 50개 넘게 봤던 이번 겨울🎄♥️
크리스마스 곧이다 곧 !!!🎅🏻
.
.
.
#신세계프리미엄아울렛 #시흥아울렛","['#신세계프리미엄아울렛', '#시흥아울렛']"
CmbpJjfr85e,Lucy,한옥과 크리스마스🎅🏼,[]
Cmbq32tLGiM,홍푸름,"🤍안녕하세요 홍푸름입니다🤍

올겨울 벌써부터 눈이 펑펑 내리고 있는데요!☃️☃️

오늘은 실내에서 따뜻하게 보낼 홍익대 학생들을 위해 겨울이면 생각나는 영화 TOP5를 준비했습니다🎄

추천 영화를 보면서 올겨울 따뜻하고 즐겁게 연말 잘 마무리하시길 바랄게요🤶🏻🧑🏻‍🎄🎅🏻

#추천영화 #겨울영화 #영화 #홍대 #홍대크리스마스 #크리스마스 #홍대맛집 #홍대카페","['#추천영화', '#겨울영화', '#영화', '#홍대', '#홍대크리스마스', '#크리스마스', '#홍대맛집', '#홍대카페']"
Cmb0vH9BsDt,조라이크🙃,🧸🧸🧸🐻🤎🧸🧸🧸,[]
CmbwgXGvsRW,남악피아노,"🎅🏻
산타할아버지 선물의 주인공 찾기! :)

과연 누구였을까요🤔🤔

뮤둥이들은 정답을 찾았습니다ෆ 

✨수준별 맞춤교육
✨시간정원제 수업
✨매주 수요일 <예술융합특강>

#남악음악학원
#민뮤직예술장학진흥원 
#크리스마스#방탈출","['#남악음악학원', '#민뮤직예술장학진흥원', '#크리스마스', '#방탈출']"
Cmb5acXJK-E,하원&하준&하민이네집,"#Repost @sbdc_6678_ with @use.repost
・・・
.
안녕하세요!
중소기업유통센터에서 12월 이벤트 진행합니다.
.
이벤트 게시글 댓글에 2023년도에 이루고 싶은,
혹은 이뤄야 할 버킷리스트를 적어주세요.
추첨을 통해 선물을 드립니다. 🎁
.
�❄️이벤트 참여 방법�❄️

①. 중소기업유통센터 SNS 채널
-유튜브 구독 하기
-네이버 블로그 이웃 맺기
-인스타그램·페이스북 팔로우 하기

②. 해당 이벤트 게시글에
2023년에 꼭 이루고 싶은 버킷리스트 댓글 남기기

③. 이벤트 게시글 공유하고 SNS에 소문내기
.
📆이벤트 기간📆
12월 19일 (월) ~ 12월 25일 (일)
.
🎁이벤트 선물🎁
메가박스 일반관람권 2인 (10명)
할리스 5천원권 (30명)
.
📝당첨자 발표📝
12월 27일 (화)
.
여러분들의 많은 참여와 관심 부탁드립니다. :D
.
#중소기업유통센터 #중기센 #이벤트 #버킷리스트
#2023 #댓글이벤트 #댓글 #영화 #메가박스
#할리스 #커피 #연말 #연시 #크리스마스","['#Repost', '#중소기업유통센터', '#중기센', '#이벤트', '#버킷리스트', '#2023', '#댓글이벤트', '#댓글', '#영화', '#메가박스', '#할리스', '#커피', '#연말', '#연시', '#크리스마스']"
CmbjuktvJ19,채,내 남자친구 극한직업 👻,[]
Cmbra2sh3Hv,성가희,"𑇍⁂숲속 오두막st ⁂𑇍

집에 있는 시간이 길어진만큼 애착도 더 많이 생겨난다. 오늘은 여기 내일은 저기 구석구석 꾸미는 재미가 있다. 물론 루다를 위해 청소는 필수! 

#아기있는집 #크리스마스 #방구석 #집캉스","['#아기있는집', '#크리스마스', '#방구석', '#집캉스']"
CmbsjexBLN8,신재이,미리 메리크리스마스🎄,[]
Cmb5PhcyaD2,정지윤,"🎄🐻
 
 
 
#221209",['#221209']
CmboWT4r2VX,@cuddiy_u,"#첫줄👋 
크리스마스 집꾸미기 ㅎ
올해 드디어 개봉한 포스터
액자가 따로 필요없엉 @studio.deru
가지트리보다 비싼 조명들 ㅋㅋ
그래도 이뿌니깐 😊 분위기 어쩔쓰~
.
.
#크리스마스#데루#포스터#감성#조명#트리#연말#추워#겨울#일상","['#첫줄', '#크리스마스', '#데루', '#포스터', '#감성', '#조명', '#트리', '#연말', '#추워', '#겨울', '#일상']"
Cmb1F7kSQQF,@pole.movie,"2022. 12. 21

29일차🩰 / 중급 12일차
#christmas pole class🎄🎅

🎁 울쌤이 준비하신 예쁜 선물🎀

회원분들과 더 친해지고
행복하게 웃을수있는 수업이어서
이시간 너무 소중하다💗

#선물🎀 쌤 감사합니당❤️

#폴댄스 #크리스마스 #christmas #폴포즈 #폴프로필포즈 #포인 #운동 #중급 #성공 #기쁨 #행복 #뿌듯 #감동 #근력운동 #poledance #폴댄스홀릭 #메리골드폴댄스 #marigold poledane #세종폴댄스 #뷰맛집 #러블리 #르니끄폴웨어 #발레리나스커트","['#christmas', '#선물', '#폴댄스', '#크리스마스', '#christmas', '#폴포즈', '#폴프로필포즈', '#포인', '#운동', '#중급', '#성공', '#기쁨', '#행복', '#뿌듯', '#감동', '#근력운동', '#poledance', '#폴댄스홀릭', '#메리골드폴댄스', '#marigold', '#세종폴댄스', '#뷰맛집', '#러블리', '#르니끄폴웨어', '#발레리나스커트']"
CmbzMH6OIFV,1300k,"🌟크리스마스 홈파티 푸드🎄

얼마 남지 않은 크리스마스
파티에서 빠져선 안되는 음식 준비 고민 마세요!
간편하고 맛까지 보장되는
홈파티 푸드 1300k가 준비했어요

맛있는 음식과 함께하는
Merry Christmas💕

#크리스마스 #메리크리스마스 #크리스마스파티 #홈파티 #크리스마스음식 #크리스마스푸드 #크리스마스케이크 #케이크 #치즈케이크 #치킨 #와인 #밀크티 #와인안주 #바베큐 #홈파티푸드","['#크리스마스', '#메리크리스마스', '#크리스마스파티', '#홈파티', '#크리스마스음식', '#크리스마스푸드', '#크리스마스케이크', '#케이크', '#치즈케이크', '#치킨', '#와인', '#밀크티', '#와인안주', '#바베큐', '#홈파티푸드']"
Cmbx4o_BMEa,이종현,분위기 직이네,[]
CmbyAFmPfor,라규라규,"#광고 #윈윈터페스티벌

한겨울의 동행축제 윈.윈터 페스티벌~!!

✔️ 소비만 하면, 영수증만 인증하면, 경품신청만 하면!
누구나 최대 모바일온누리 200만원의 주인공이 될 수 있어요~!

✔️ 경험형 스마트마켓 구매영수증으로 이벤트 참여하고 퀴즈만 풀어도 갤럭시워치 / 애플워치 / 커피쿠폰 의 행운까지 찾아온다는거~ 

중소벤처기업부가 주관하고 내가 상픔 받아가는 
온국민 대축제!! 지금 늦기전에 신청하세요~!

📌 이벤트 기간
22년 12월 16일(금) ~ 12월 25일(일)

📌 참여대상
만14세 이상 대한민국 국민이면 누구나

📌 신청방법 (온라인)
https://윈윈터페스티벌경품.kr/

자세한 안내는 윈윈터페스티벌경품 또는 윈윈터페스티벌을 검색하여 홈페이지에서 확인하세요!

#만원의행복권 #경험형스마트마켓 #윈터페스티벌 #복권 #경품 #이벤트 #연말 #연말이벤트 #연말경품 #상생기획전 #로또 #동행축제 #경품혜택 #크리스마스 #성탄절 #크리스마스이브 #크리스마스선물","['#광고', '#윈윈터페스티벌', '#만원의행복권', '#경험형스마트마켓', '#윈터페스티벌', '#복권', '#경품', '#이벤트', '#연말', '#연말이벤트', '#연말경품', '#상생기획전', '#로또', '#동행축제', '#경품혜택', '#크리스마스', '#성탄절', '#크리스마스이브', '#크리스마스선물']"
CmbsIYBhpR4,이송희,"⛲️
.
.
.
#롯데#크리스마스#장식
#merrychristmas#christmas#🎄
#고등학생#고딩#05년생#05#18#19#20","['#롯데', '#크리스마스', '#장식', '#merrychristmas', '#christmas', '#고등학생', '#고딩', '#05년생', '#05', '#18', '#19', '#20']"
CmboSGlygyw,송도,".
#클래스 #플라워클래스
.
늦었지만 크리스마스 클래스 공지합니다.

23일/24일 11시 크리스마스 센터피스 (3인)
24일  3시 침봉을 이용한 동양 꽃꽂이 - 이케바나 (3인)

바쁜 시즌 중 빠듯하게 준비 한 수업이라
신청은 금요일 오전 9시에 마감하겠습니다.

카카오톡 : 청초 플라워 스튜디오 검색

#크리스마스 #크리스마스이벤트 #크리스마스클래스
#크리스마스원데이 #크리스마스원데이클래스
⠀
⠀
⠀
⠀
⠀
━━──⠀
⠀
𝔸𝕟𝕪 𝕆𝕣𝕕𝕖𝕣𝕤 𝕒𝕟𝕕 ℂ𝕠𝕦𝕣𝕤𝕖𝕤 𝕒𝕣𝕖 𝕒𝕧𝕒𝕚𝕝𝕒𝕓𝕝𝕖 𝕚𝕟 𝔼𝕟𝕘𝕝𝕚𝕤𝕙⠀
⠀
꽃다발, 꽃바구니 외 꽃 상품⠀
웨딩, 프로포즈 및 파티 데코레이션🌸⠀
⠀
⠀
원데이, 취미반 상시모집⠀
동양꽃꽂이 - 이케바나 상시모집⠀
⠀
✔️ 기초반 (𝓑𝓮𝓰𝓲𝓷𝓷𝓮𝓻’𝓼 𝓒𝓸𝓾𝓻𝓼𝓮)⠀
✔️ 중급반 (𝓲𝓷𝓽𝓮𝓻𝓶𝓮𝓭𝓲𝓪𝓽𝓮 𝓒𝓸𝓾𝓻𝓼𝓮)⠀
✔️ 부케 집중반 (𝓗𝓪𝓷𝓭𝓽𝓲𝓮𝓭 𝓒𝓸𝓾𝓻𝓼𝓮)⠀
✔️ 센터피스 집중반 (𝓒𝓮𝓷𝓽𝓮𝓻𝓹𝓲𝓮𝓬𝓮 𝓒𝓸𝓾𝓻𝓼𝓮)⠀
⠀
𝙠𝙖𝙠𝙖𝙤𝙩𝙖𝙡𝙠 - 청초플라워스튜디오⠀
𝙘𝙖𝙡𝙡 - 010.5506.6259⠀
⠀
⠀
━━──⠀
⠀","['#클래스', '#플라워클래스', '#크리스마스', '#크리스마스이벤트', '#크리스마스클래스', '#크리스마스원데이', '#크리스마스원데이클래스']"
Cmb9m87JriR,나빈샵❤비니맘,"❗[공동구매] 
크리스마스 럭셔리 웨이퍼
공구 최저가 오픈!❤

귀엽고 사랑스런 틴케이스와
바삭하고 풍부한 향의 웨이퍼가 담긴
럭셔리 웨이퍼 홀리데이 에디션! ☺

귀여운 캐릭터 틴케이스에
초코3개 바닐라2개 총 5개가 들어있습니다
(틴케이스는 다 드신 후 연필꽃이나 
다른 용도로도 활용 가능하세요~)

럭셔리 초코웨이퍼는
바삭한 초코웨이퍼 안에
깊은 풍미가 느껴지는 초코크림이 가득!♪
럭셔리 바닐라웨이퍼는
눈처럼 새하얀 웨이퍼 안에
달콤한 바닐라크림이 가득!♫

❣간식, 유치원/어린이집 답례품,
크리스마스/연말 선물,
홈카페, 연말파티 등에
제격인 아이템이랍니다~
(선물용으로 대량주문 폭주 중)

크리스마스 웨이퍼로 연말에
소중한 사람들과 행복한 시간 보내세요 :)

✰파손이 발생하기 쉬운 상품입니다
틴케이스 찌그러짐 및 과자 80%이상
파손이 아닌경우 교환 환불 불가입니다ㅠㅠ
참고 부탁드려요ㅠ 

[★ 한정수량 품절전
서둘러 구매하세요~!! ★]

구매는 프로필 하단
링크에서 가능합니다! ☝☝☝

#어린입집생활#워킹맘#조카선물#크리스마스선물#도치맘#공구마켓#새부리마스크#아이영양제#크리스마스#도치맘#아이들간식#아기간식추천#간식#아이간식#크리스마스간식#유아간식#크리스마스웨이퍼공구#틴케이스쿠키#가정보육#육아맘일상#육아맘추천#사무실간식#자매샷#딸맘육아#딸램맘#루솔배도라지차공구간식#간식추천#연말#선생님선물","['#어린입집생활', '#워킹맘', '#조카선물', '#크리스마스선물', '#도치맘', '#공구마켓', '#새부리마스크', '#아이영양제', '#크리스마스', '#도치맘', '#아이들간식', '#아기간식추천', '#간식', '#아이간식', '#크리스마스간식', '#유아간식', '#크리스마스웨이퍼공구', '#틴케이스쿠키', '#가정보육', '#육아맘일상', '#육아맘추천', '#사무실간식', '#자매샷', '#딸맘육아', '#딸램맘', '#루솔배도라지차공구간식', '#간식추천', '#연말', '#선생님선물']"
CmbzdqbvD6p,Woo,"2020.12.28

MD:小易

#portraitphotographer ⁣⁣⁣⁣⁣
#good_portraits_world ⁣⁣⁣⁣⁣⁣
#sunshinephotography
#seifuku
#global_portraits_
#christmascity
#Christmastown
#christmasgift
#christmaspresent
#ポトレ
#モデル撮影
#ロケ撮影
#ポートレイト
#ポートレート部
#クリスマス
#크리스마스 도시
#外拍寫真
#人像攝影
#人像摄影 ⁣⁣⁣⁣⁣
#人像寫真 ⁣⁣⁣⁣
#人像写真
#新北市板橋耶誕城
#新北市歡樂耶誕城
#新北歡樂耶誕誠","['#portraitphotographer', '#good_portraits_world', '#sunshinephotography', '#seifuku', '#global_portraits_', '#christmascity', '#Christmastown', '#christmasgift', '#christmaspresent', '#ポトレ', '#モデル撮影', '#ロケ撮影', '#ポートレイト', '#ポートレート部', '#クリスマス', '#크리스마스', '#外拍寫真', '#人像攝影', '#人像摄影', '#人像寫真', '#人像写真', '#新北市板橋耶誕城', '#新北市歡樂耶誕城', '#新北歡樂耶誕誠']"
Cmbqnr7L4uY,유일파티,"❤️❤️ [#유일파티] ❤️❤️❤️
행복과 즐거움이 함께하는 ⁂ 𝚈𝚘𝚞_𝚒𝚕 𝙿𝚊𝚛𝚝𝚢 ⁂ 입니다◡̈ 
. 
. 
🎅🏻❤️ 대형 산타 모자 은박 풍선 🎄💚
#산타 #크리스마스
.
.
크리스마스 파티를 더 즐겁게 만들어줄
‘대형 산타 모자 은박 풍선’ 입니다!

크리스마스에 빠져서는 안되는 산타🎅🏻
산타의 필수템! 모자 모양의 풍선이에요❣️

헬륨을 넣으면 더 예쁜 풍선 이랍니다~!
.
.
❤️ 사진에 있는 파티 제품들 💚
💚 프로필 상단 링크에서 구매 가능합니다! ❤️
.
.
‪꙳⋆🎅🏻 ࣪⊹ 𝙼𝚎𝚛𝚛𝚢 𝚇𝚖𝚊𝚜 ·🌲˖ ࣪⊹
.
.
예쁜 사진 너무 감사합니다 🫶🏻❣️
.
.","['#유일파티', '#산타', '#크리스마스']"
Cmbof8KhKHm,JIEUN,지금 너무 설레거든요 🫶🏻🎄✨,[]
CmbsstuPjaB,‎٩(,"얼마나 쳐먹은게야…,, 오늘 드디어 크리스마스 선물로 주문한 맥!북! 도착🤤 미드나이트색 너무 이쁘구.. 오늘도 인강들어주는데 저 구절 너무 좋아서 사진 찍어봤어용.. 집에 와서 쌀국수 시켜먹고 나시고랭도!! 아빠가 저녁을 안드셨다하셔서 야식으로 죠스떡볶이 조금 촙촙",[]
Cmb7fXEsujV,Flaneur,"#warszawa #명절선물 #크리스마스 #엄마가만은술 #그마저도사랑스럽다💕 
2학년이 된 지난학기 학생들의 명절인사☺️
역시 명절엔 전통주🍷와 지역 특산품 차🍵와 폴란드대표 초콜릿이지🍫~ 거기에 크리스마스 시즌 찻잔😘
‘만든’을 아직 못 쓰지만, ‘만은 술’이 무한 감동🤩","['#warszawa', '#명절선물', '#크리스마스', '#엄마가만은술', '#그마저도사랑스럽다']"
Cmb23pay8j7,제주,"비누꽃 꽂다발~
누구에게나 어울립니다^^
축하해요
영원히 간직하세요 ♡

#졸업식 
#꽃다발
#제주도
#제주플라워 
#크리스마스
#프로포즈","['#졸업식', '#꽃다발', '#제주도', '#제주플라워', '#크리스마스', '#프로포즈']"
CmbyW4cPqAK,우희,"올해도 난 @baabii_rim 에게 시달릴예정 
휴 징글맞다 💗 Happy Christmas 보내쟈 :-/ 
.
.
.
.
.
.
#셀스타그램#얼스타그램#크리스마스#연말파티#선팔#맞팔#모델#배우#뷰티#패션#댓글#소통#좋아요#인친#fff#lll#model#likes#comment#f4f#l4l#daily#ootd#beauty#ulzzanggirl#chinese#korean#modelagency","['#셀스타그램', '#얼스타그램', '#크리스마스', '#연말파티', '#선팔', '#맞팔', '#모델', '#배우', '#뷰티', '#패션', '#댓글', '#소통', '#좋아요', '#인친', '#fff', '#lll', '#model', '#likes', '#comment', '#f4f', '#l4l', '#daily', '#ootd', '#beauty', '#ulzzanggirl', '#chinese', '#korean', '#modelagency']"
CmbiuaBL5ML,전창연,미리 크리스마스2💙,[]
Cmbp26fL-xO,@eyul_luv,"눈감은 표정도 왜이리 긔엽늬 🎄❤️🫢❤️

#크리스마스#연말#남매#사랑해","['#크리스마스', '#연말', '#남매', '#사랑해']"
CmbynAuJbZj,@j.white_noise00,"Zion.T - 눈

#ziont #자이언티 #이문세 #눈 #겨울 #추위 #크리스마스 #시골 #이때로 #돌아가고싶다 #담벼락 #사진 #사진계정 #노래 #노래추천 #오늘의노래 #오늘의노래추천","['#ziont', '#자이언티', '#이문세', '#눈', '#겨울', '#추위', '#크리스마스', '#시골', '#이때로', '#돌아가고싶다', '#담벼락', '#사진', '#사진계정', '#노래', '#노래추천', '#오늘의노래', '#오늘의노래추천']"
CmZH7KLrUPs,Hương,"Chu choe 🎄🧸💋
.
.
.
.
.
.
.
.
#couple #couplegoals #date #데이트 #커플 #크리스마스 #크리스마스트리 #더현대서울여의도 #christmas #christmastree #thehyundaiseoul #potd #photooftheday #photography #instaphoto #instacouple #coupleofinstagram #instagood #instadaily #instalike #likeforlikes #like4likes #lfl #l4l","['#couple', '#couplegoals', '#date', '#데이트', '#커플', '#크리스마스', '#크리스마스트리', '#더현대서울여의도', '#christmas', '#christmastree', '#thehyundaiseoul', '#potd', '#photooftheday', '#photography', '#instaphoto', '#instacouple', '#coupleofinstagram', '#instagood', '#instadaily', '#instalike', '#likeforlikes', '#like4likes', '#lfl', '#l4l']"
Cmb48GWvKvE,그리고봄🎨,🎄⛄️🎁,[]
Cmb4yY8hWOr,한시,"[Event]🎄ᴍᴇʀʀʏ ᴄʜʀɪsᴛᴍᴀs🎄
* ᴀᴅɪᴇᴜ 2022, 
 ᴅᴀɪʟʏ ᴀʀᴄʜɪᴠᴇ sᴛɪᴄᴋᴇʀ&ᴘᴏsᴛᴄᴀʀᴅ*

[2]

✨
이벤트 참여하실분들은 스티커 게시물에 댓글 부탁드립니다 ;)",[]
CmbtJxUvEyY,⠀⠀⠀⠀⠀⠀⠀⠀⠀⠀⠀⠀,"-
산타할아버지, 기도들으셨죠?
유연이는 레고
유나는 내복이래요 ㅋㅋㅋ
강유나 새로운 내의가 입고 싶다는데
참 쌩뚱맞다 ㅋㅋㅋㅋㅋ 
.
.
.
#산타할아버지를기다리며 🎅🏻",['#산타할아버지를기다리며']
CmcDfjAvC7q,𝓷𝓪𝓫𝓲𝓷𝓼𝓱𝓸𝓹,"❗[공동구매] 
크리스마스 벽트리/트리 풀 세트/
포인트 벽리스 공구 최저가 open!❤

☺ 트리 풀 세트
레트로 느낌의 추억 트리
마음대로 꾸미는 트리맛집

온가족이 모여 트리 꾸미기
또눈 친구랑 연인이랑 꾸미기 ♪

트리 풀 세트는 전구부터 예쁜 장식들을
세트로 담아 보내드리기 때문에
나무에 장식만 걸어주면 끝!

손쉽게 멋진 트리 완성이에요 ღ๑

아이들과 꾸미는 재미도 쏠쏠하답니다~

☺ 벽트리 / 포인트 벽리스
트리가 부담스러우신 분들은
벽트리나 벽리스 추천드려요~ ♫

공간 차지 안하고 설치도 간단하고 
포인트로 어디다 설치해도 너무 예뻐요

다른 곳에서 찾아볼 수 없는
더원스토리 자체 제작 상품들~ ღ๑

한 시즌 제품 제작에
소요되는 기간 평균 1년!

집,카페,레스토랑,벽,천장,유리
어디에나 설치 가능 합니다 ✿

감성 인테리어에 빠질 수 없는
벽트리와 벽리스!

일반 벽에 해두어도 예쁘지만
특히 유리창에 해두면 반사되어
밤에는 반짝반짝 더욱 예쁘답니다~❢❣

당신만을 위한 특별한 크리스마스!
특별한 디자인으로 미리 준비해보세요~

✰ 트리C와 벽트리는 
여러 문구 스티커도 동봉되어
원하는 멘트로 골라 꾸며줄 수도 있어요

나만의 감성트리
나만의 포인트 문구 리스로 
나를 위한,
우리가족을 위한 겨울을 만드세요!

✶✶✶✶✶✶✶✶✶✶✶✶✶✶✶✶✶

✦구성
✔트리풀세트-트리A,B,C,D
✔벽트리E
✔벽리스-골드픽션리스,핑크팝리스,
레드블리리스,다솜리스,코코리스,앙주리스

[★ 한정수량 품절전
서둘러 구매하세요~!! ★]

구매는 프로필 하단
링크에서 가능합니다! ☝☝☝

#아이와함께#크리스마스벽트리#크리스마스트리만들기#겨울템#트리풀세트#집꾸미기소품#집꾸미기그램#크리스마스#크리스마스벽리스#감성트리#벽리스#오늘의집#조카선물#홈카페#미리크리스마스#크리스마스용품#크리스마스조명#집콕놀이#메리크리스마스#애스타그램#전나무트리#육아맘일상#크리스마스트리주문#분위기깡패#트리오너먼트#인테리어소품","['#아이와함께', '#크리스마스벽트리', '#크리스마스트리만들기', '#겨울템', '#트리풀세트', '#집꾸미기소품', '#집꾸미기그램', '#크리스마스', '#크리스마스벽리스', '#감성트리', '#벽리스', '#오늘의집', '#조카선물', '#홈카페', '#미리크리스마스', '#크리스마스용품', '#크리스마스조명', '#집콕놀이', '#메리크리스마스', '#애스타그램', '#전나무트리', '#육아맘일상', '#크리스마스트리주문', '#분위기깡패', '#트리오너먼트', '#인테리어소품']"
Cmbrc2jSLQt,sungmini,"다이빙하느라 피곤…오늘 뱅기 연착되서 늦게 도착한 누나네도 피곤하니 온천함하고..아메리칸 빌리지에서 크리스마스 분위기 흠뻑 느껴보고, 규동으로 저녁 먹었어요!!😍😍😍 #드림컴투어
#오키나와
#스쿠버다이빙
#츄라우미수족관
#크리스마스
#겨울여행#아메리칸빌리지","['#드림컴투어', '#오키나와', '#스쿠버다이빙', '#츄라우미수족관', '#크리스마스', '#겨울여행', '#아메리칸빌리지']"
CmbrRXUv7FN,Hyojin,"#우리아들 #신비아파트 덕후로서 #신비아파트극장판 도 놓칠 수 없지! 고맙게도 엄마 말고 아빠를 선택해준 덕분에 엄마는 혼자 쇼핑하고 독서하고~

#롯데월드타워 가 이번에 #크리스마스 장식들을 제대로 해놔서 갈때마다 기분이 좋다. 근데 저기요.. 진짜 제가 아들 찍어준 사진이랑 저희 둘 찍어주신 분이 찍은 사진 너무 클래스 차이 나는거 아닌가요…?! 나는 다른 사람들 한국인, 외국인 막 무릎 꿇고 트리 다 나오게 이쁘게 찍어줬는데 정작 내사진은.. 우리아들은 눈감고 트리 다 짤리고… 정말 사진 촬영 수업 같은거 좀 듣게 해드리고 싶으네… 
내일부터 일주일 이상 또 엄청 춥다던데ㅠ 이번 연말은 크리스마스도 연말도 주말이라 가뜩이나 기분 안나는데 날도 추우니 #집콕 만 해야하는것인가… 

#육아스타그램 #애스타그램 #kidstagram #boystagram #93개월아들 #lotteworldtower #merrygoround #christmastree🎄 #christmasiscoming","['#우리아들', '#신비아파트', '#신비아파트극장판', '#롯데월드타워', '#크리스마스', '#집콕', '#육아스타그램', '#애스타그램', '#kidstagram', '#boystagram', '#93개월아들', '#lotteworldtower', '#merrygoround', '#christmastree', '#christmasiscoming']"
Cmb63kvhryy,유비닝❤️,🎄🎄 다음엔 가서 타르트 먹어봐야지,[]
Cmbq_fYS4W1,바이나흐튼,"#유복현식공간 #크리스마스 코스

두번째 사진을 보시면 자세한 내용이 있구요. 크리스마스 코스를 가족과 친구들과 즐기실 분들은 얼른 예약하시구요,

유복현 선생님은 나만의 개성있는! 제대로 된! 파티의 케터링을 도와주시는 전문가이시니 기억해두셨다가 도움이 필요하실때 언제든 연락하시면 되세요.

그럼 프라이빗한 파티에 좋은 정보 되셨기를 바라며 메리 메리 크리스마스~ 오호호호~🎅🏼

유복현 식공간의 인스타는 이리로 가시면 됩니다.
@you_bok_hyun_studio 

🎅🏼바이나흐튼 크리스마스 박물관은 지역 소상공인에게 힘을 보태고 싶습니다. 오호호호~ 

#제주도맛집 #제주맛집 #서귀포맛집 #대정맛집 #제주영어교육도시 #맛집 #파티 #파티전문가 #궁중요리 #전문가 #맛집 #크리스마스코스 #코스요리 #크리스마스박물관 근처 #제주크리스마스마켓 근처 #christmas #제주크리스마스","['#유복현식공간', '#크리스마스', '#제주도맛집', '#제주맛집', '#서귀포맛집', '#대정맛집', '#제주영어교육도시', '#맛집', '#파티', '#파티전문가', '#궁중요리', '#전문가', '#맛집', '#크리스마스코스', '#코스요리', '#크리스마스박물관', '#제주크리스마스마켓', '#christmas', '#제주크리스마스']"
Cmb4h9oPT0y,j,🎄,[]
CmbsXobvTNd,@_hana0628,"오총사의 미리 멜크🎄🎅🏻☃️🎁❤️
사랑스러운 너희들〰️〰️〰️
사진찍기 난이도는 조금 올라갔지만, 뭐 어때!
이렇게 사랑스러운데🫶🏻
늘 헤어지기 아쉬워하는 너희와 우리(?)
22년 산타찾기 체험 성공적🎅🏻❤️
.
.
#장소제공 #믿따세코 #오총사 #삼총사 #우정 #포에버 #곤지암반디숲 #산타찾기 #겨울 #흰눈 #크리스마스 #멜크 #🎄","['#장소제공', '#믿따세코', '#오총사', '#삼총사', '#우정', '#포에버', '#곤지암반디숲', '#산타찾기', '#겨울', '#흰눈', '#크리스마스', '#멜크']"
CmbvyP7LynH,@aeri.v,"크리스마스 준비
아주 알뜰살뜰 집에있던 앵두전구는 트리모양으로 창문에 붙이고 알전구는 티비앞에 늘어뜨리며 용을 써봄. 아, 콩만한 트리는 구매함ㅋ
그래도 캐롤 트니까 나름 느낌 산다
메리크리스마스!🤩☺️🤗
#크리스마스장식#미니트리#크리스마스소품#방꾸미기#집꾸미기#크리스마스","['#크리스마스장식', '#미니트리', '#크리스마스소품', '#방꾸미기', '#집꾸미기', '#크리스마스']"
Cmbq5pQvm8p,엄마표,"울 막둥이 성화에 못이겨...
몇년만에 트리꾸미기🎄🎄🎄
오랫만이 연말 분위기네요~^^
울 겸둥이 댕댕이들도 함께💕

#해피랑보리랑 #크리스마스#트리꾸미기 
#댕댕이그램 #댕댕이산타복 
#리트리버보리 #리트리버그램 #말티즈해피 #말티즈그램 #견스타그램 #애견
#댕댕이는사랑입니다","['#해피랑보리랑', '#크리스마스', '#트리꾸미기', '#댕댕이그램', '#댕댕이산타복', '#리트리버보리', '#리트리버그램', '#말티즈해피', '#말티즈그램', '#견스타그램', '#애견', '#댕댕이는사랑입니다']"
CmcBpJsPIQi,이영서,"이렇게 라도 X-mas🎄♥️

 #selfie #선팔 #맞팔 #좋아요 #좋반#첫줄반사 #핫플레이스 #일상 #데일리#카페 #홍대 #홍대입구 #성수 #혜화#이태원#가로수길#20살 #크리스마스 #트리 #오오티디#소디스커피경주 #likeforlikes#like#sentions#ootd#daily#likeforlikes#likeforfollow#like4likes#liker#followforfollowback","['#selfie', '#선팔', '#맞팔', '#좋아요', '#좋반', '#첫줄반사', '#핫플레이스', '#일상', '#데일리', '#카페', '#홍대', '#홍대입구', '#성수', '#혜화', '#이태원', '#가로수길', '#20살', '#크리스마스', '#트리', '#오오티디', '#소디스커피경주', '#likeforlikes', '#like', '#sentions', '#ootd', '#daily', '#likeforlikes', '#likeforfollow', '#like4likes', '#liker', '#followforfollowback']"
CmbyBewrzwd,지언,"☃️

 

#오늘인척올리기 #연남동 #연말 #크리스마스","['#오늘인척올리기', '#연남동', '#연말', '#크리스마스']"
CmbzHZKPiun,MORI,"🐭✨🎄🐱
.
.
#christmas #christmascandles#catillustration #illustration #illust #drawing#cat#catlover#catstagram#크리스마스#고양이#고양이그림#고양이일러스트#그림#일러스트#삽화#クリスマス#猫イラスト#イラスト#イラストグラム #猫#絵#ネコ#ねこ#ねこすたぐらむ","['#christmas', '#christmascandles', '#catillustration', '#illustration', '#illust', '#drawing', '#cat', '#catlover', '#catstagram', '#크리스마스', '#고양이', '#고양이그림', '#고양이일러스트', '#그림', '#일러스트', '#삽화', '#クリスマス', '#猫イラスト', '#イラスト', '#イラストグラム', '#猫', '#絵', '#ネコ', '#ねこ', '#ねこすたぐらむ']"
CmbsK5XybJJ,엘라초록,"규빈이가 써준 크리스마스 카드🎄

#12년생 #11 #친구 #유치원친구 #피아노친구 #크리스마스 #크리스마스카드 #편지 #남사친","['#12년생', '#11', '#친구', '#유치원친구', '#피아노친구', '#크리스마스', '#크리스마스카드', '#편지', '#남사친']"
CmcAwVmSgfE,윤곽관리,"🌿
신세계 샤넬매장 앞에 대기 줄이 없어서
신기해하며 들어가려 했더니!!
QR 체크를 물어 보면서, 
매장입장 대기예약 마감이라고..;;;

고객이 사고 싶어도
돈이 있고
시간이 있어도
아무 때나 가서 살 수가 없는
이곳이 진정 샤넬 명품매장이네요.
이제는 줄도 보이지 않게
QR로 확인 하고 입장하게 만들어서 
깔끔한 매장 분위기를 유지 하면서
미리 예약 한 사람만 가서 제품을 구경하고
구매하는 시스템이 바로 명품매장 시스템.

연말이 가득한 신세계와 롯데백화점
오랜만에 들려, 간만에 쇼핑🛍️ 몰아치기!
제품 보느라 인증샷은 생략 ㅎ

내가 명품이 되기 위해서는
명품을 많이 지니고 다니는게 아니라,
명품을 사용하는 태도에서 나오죠.
소위 말해서 귀티난다고 하는 ”태도“
예의 바르고 절도 있는 간결한  태도가
비로!! 진정한 명품 완성 포인트!

#샤넬
#신세계백화점 
#신세계본점 
#롯데백화점본점 
#크리스마스
#성탄절 
#성탄선물 
#크리스마스케이크 
#크리스마스트리 
#연남동
#민트테라피 
#쇼핑
#즐거운
#명품
#명품매장","['#샤넬', '#신세계백화점', '#신세계본점', '#롯데백화점본점', '#크리스마스', '#성탄절', '#성탄선물', '#크리스마스케이크', '#크리스마스트리', '#연남동', '#민트테라피', '#쇼핑', '#즐거운', '#명품', '#명품매장']"
Cmb9qDvvJmE,Chang,회전목마🎠,[]
Cmb003GSJ4K,@pole.movie,"2022. 12. 21

29일차🩰 / 중급 12일차
#christmas pole class🎄🎅

🎁 울쌤이 준비하신 예쁜 선물🎀

회원분들과 더 친해지고
행복하게 웃을수있는 수업이어서
이시간 너무 소중하다💗

#선물🎀 쌤 감사합니당❤️

#폴댄스 #크리스마스 #christmas #폴포즈 #폴프로필포즈 #포인 #운동 #중급 #성공 #기쁨 #행복 #뿌듯 #감동 #근력운동 #poledance #폴댄스홀릭 #메리골드폴댄스 #marigold poledane #세종폴댄스 #뷰맛집 #러블리 #르니끄폴웨어 #발레리나스커트","['#christmas', '#선물', '#폴댄스', '#크리스마스', '#christmas', '#폴포즈', '#폴프로필포즈', '#포인', '#운동', '#중급', '#성공', '#기쁨', '#행복', '#뿌듯', '#감동', '#근력운동', '#poledance', '#폴댄스홀릭', '#메리골드폴댄스', '#marigold', '#세종폴댄스', '#뷰맛집', '#러블리', '#르니끄폴웨어', '#발레리나스커트']"
CmbpPzQvuRu,𝓷𝓪𝓫𝓲𝓷𝓼𝓱𝓸𝓹,"❗[공동구매] 
크리스마스 럭셔리 웨이퍼
공구 최저가 오픈!❤

귀엽고 사랑스런 틴케이스와
바삭하고 풍부한 향의 웨이퍼가 담긴
럭셔리 웨이퍼 홀리데이 에디션! ☺

귀여운 캐릭터 틴케이스에
초코3개 바닐라2개 총 5개가 들어있습니다
(틴케이스는 다 드신 후 연필꽃이나 
다른 용도로도 활용 가능하세요~)

럭셔리 초코웨이퍼는
바삭한 초코웨이퍼 안에
깊은 풍미가 느껴지는 초코크림이 가득!♪
럭셔리 바닐라웨이퍼는
눈처럼 새하얀 웨이퍼 안에
달콤한 바닐라크림이 가득!♫

❣간식, 유치원/어린이집 답례품,
크리스마스/연말 선물,
홈카페, 연말파티 등에
제격인 아이템이랍니다~
(선물용으로 대량주문 폭주 중)

크리스마스 웨이퍼로 연말에
소중한 사람들과 행복한 시간 보내세요 :)

✰파손이 발생하기 쉬운 상품입니다
틴케이스 찌그러짐 및 과자 80%이상
파손이 아닌경우 교환 환불 불가입니다ㅠㅠ
참고 부탁드려요ㅠ 

[★ 한정수량 품절전
서둘러 구매하세요~!! ★]

구매는 프로필 하단
링크에서 가능합니다! ☝☝☝

#딸둘엄마#워킹맘#조카선물#크리스마스선물#도치맘#락토핏뷰티#새부리형마스크#새부리형마스크#크리스마스#다이어트간식#아이들간식#어린이음료추천#간식#아이간식#크리스마스과자#성탄절선물#웨이퍼과자#조카선물추천#어린이간식추천#어린이간식추천#성탄절이브#생일답례품#자매샷#아이생일파티#자매둥이#아기면역력간식#간식스타그램#연말파티준비#어른이간식","['#딸둘엄마', '#워킹맘', '#조카선물', '#크리스마스선물', '#도치맘', '#락토핏뷰티', '#새부리형마스크', '#새부리형마스크', '#크리스마스', '#다이어트간식', '#아이들간식', '#어린이음료추천', '#간식', '#아이간식', '#크리스마스과자', '#성탄절선물', '#웨이퍼과자', '#조카선물추천', '#어린이간식추천', '#어린이간식추천', '#성탄절이브', '#생일답례품', '#자매샷', '#아이생일파티', '#자매둥이', '#아기면역력간식', '#간식스타그램', '#연말파티준비', '#어른이간식']"
CmbucXMyGdq,@yeoinpil,"#협찬 

#투덥 에서 원하는 영화 장면 선택 후 
크리스마스 인사를 더빙해 크리스마스 카드를 
만들어서 주변 지인들에게 보낼 수 있어요 ❤

저도 영화 속 한 장면에 더빙해 
카톡으로 크리스마스 카드 보내봤답니다 🎁

특별한 크리스마스 카드 영상을 만든 것 같아서 
기분이 좋았던 것 같아요 🎄

특별한 크리스마스 카드 만들어 보고 싶은 분들, 
지금 투덥 다운받아 보세요 🤩

@2dub_kr
#2dub #영어더빙 #크리스마스카드 #크리스마스 #영어쉐도잉 #영어공부","['#협찬', '#투덥', '#2dub', '#영어더빙', '#크리스마스카드', '#크리스마스', '#영어쉐도잉', '#영어공부']"
CmcBQeyPDTy,MILLYOU(밀유),"새벽에 작업하다 귀여워서  찰칵 📸

겨울이라 그런지 캔들이 좋네요❣

#캔들
#캔들답례품 
#떼샷 
#겨울캔들 
#티라이트 
#크리스마스 
#크리스마스선물 
#선물추천","['#캔들', '#캔들답례품', '#떼샷', '#겨울캔들', '#티라이트', '#크리스마스', '#크리스마스선물', '#선물추천']"
Cmbh1UlrCLp,제인,"172cm/53kg 

진짜 오랜만에 눈바디! 겨울이 되니 활동량이 많이 줄어들어서 체중은 잘 유지 중인데도 괜히 군살들이 보이는 느낌... 다들 아시죠? 🫠

특히 운동을 하지 않으니 엉덩이가 점점 쳐지는 것 같아요. 힙 운동이라도 조금씩 해야겠어요 🥺

이건 사담인데, 요즘 절 괴롭히는 특정 인물이 있어요. 열등감 때문인걸 알아서 처음에는 그러려니 무시했는데 점점 집착적으로 뒷조사 하고 다니는게 좀 불편하네요? 당신 인생에 집중하세요.

❄️ 제인x라누보 이벤트 당첨자는
@backho.diet @meal_n_diet @r_diet.table @alswl_e @joobbang_table @ninis.table @chloe.healthlog @yunmom_veronica @diet_danbi_ @yeons_daily._ 
총 10분! 축하드려요 🥳 제게 DM으로 성함/연락처/주소 보내주세요 🫶🏻

곧바로 또 다른 애정템 이벤트가 있을 예정이예요! 어떤 제품일지 댓글로 맞춰봐 주세요. 힌트는 제가 핫초코 만들 때 사용하는 제품이랍니다 💛",[]
CmbqJBTPnno,@zz_ii_zz_oo,"#Repost @freet_mobile with @use.repost
・・・
이벤트💜
프리티 인스타 리그램 이벤트👍

해피크리스마스 💫
매일크리스마스 💫
메리크리스마스 💫

프리티 크리스마스 리그램 이벤트!!
.
.
.
본 게시물 리그램 후 댓글을 남겨주세요~
추첨을 통해 선물 드려요
.
.
🎄 파리바게트 트리 케이크 : 3명
🎅 파리바게트 호호산타 케이크 : 3명

(~12/22 자정까지, 개별DM발송)
.
.
.
.
#알뜰폰 #프리티 #프리티모바일 #freet #프리텔레콤 #댓글이벤트 #리그램이벤트 #케이크이벤트 #파리바게트 #크리스마스 #클마이벤트","['#Repost', '#알뜰폰', '#프리티', '#프리티모바일', '#freet', '#프리텔레콤', '#댓글이벤트', '#리그램이벤트', '#케이크이벤트', '#파리바게트', '#크리스마스', '#클마이벤트']"
CmbxM2iLa7o,김희주,🤗,[]
Cmb0uoKvTp-,@sangsang_dongmul,#인스타툰 #웹툰 #크리스마스 #크리스마스트리 #xmas #xmastree,"['#인스타툰', '#웹툰', '#크리스마스', '#크리스마스트리', '#xmas', '#xmastree']"
Cmb-ijHvUl4,@yul2.summer,"트니트니
- 트니트니 선생님이 산타로 변신 했다는 사실을 어떻게 아는걸까? 벌써 산타가 없다는걸 알다니. . ㅠ
ㆍ
ㆍ
ㆍ
#28개월아기 #3살 #쥐띠
#문센 #트니트니 #체육수업
#크리스마스 #산타는없다","['#28개월아기', '#3살', '#쥐띠', '#문센', '#트니트니', '#체육수업', '#크리스마스', '#산타는없다']"
Cmb1ehNSlSG,나의,"오늘 휴무받고 어제 퇴근하고
교회가려고 사촌언니네에서 자고
교회갔다 교회가 용인에있어서
멀어서 오고 가는길이 힘들었지만
가고싶기도하고 요즘 일하느라
예배도못가고해서 가기로했다
휴무일에는 셀모임이라도 가려고 한다
오늘 성탄절행사 별이 빛나는 행사
너무 재밌었다 선물도 받고 우리
이기는자팀이 3등 수상도해서
너무 좋았다 다들 고생하고 열심히한
모습이 보기좋았다 오늘 많이 웃어서
광대가 너무 아플그정도로 넘 웃었다
나 오늘 다쓰지는 못하지만 느낀것도
많고 신앙생활도 완전히 놓치는 말아야겠다
교회를 어릴때부터 다녀봤지만 기쁨의교회는
다른교회들이랑은 달랐다 주일예배말씀이
내 마음속에 들어오고 은혜받은것은 첨이었고
말씀들이 넘 와닿고 좋고 내 귀에 쏙 들어온것이
처음이었기 때문이다 오늘도 좋은하루
보내고 언니네와서 씻고 자려고한다
또 내일 서울로 출근한다...힘들다

https://youtu.be/XMaBfMRONuc

#일상 #일상스타그램
#힘들지만 #행복
#오늘도좋은하루
#신앙 #기쁨의교회
#크리스마스 #성탄절행사
#예수님 #생신축하드려요
#청년부 #청년예배 #예배","['#일상', '#일상스타그램', '#힘들지만', '#행복', '#오늘도좋은하루', '#신앙', '#기쁨의교회', '#크리스마스', '#성탄절행사', '#예수님', '#생신축하드려요', '#청년부', '#청년예배', '#예배']"
Cmb3jiJrDmB,한윤서,#무원작은별어린이집#크리스마스#부모참여수업#민규산타#눈사람목걸이#산타선물졸업하기싫다ㅠㅠ,"['#무원작은별어린이집', '#크리스마스', '#부모참여수업', '#민규산타', '#눈사람목걸이', '#산타선물졸업하기싫다ㅠㅠ']"
CmborC2yxbf,태태상회,"태태상회 크리스마스픽 양말 ❤
내일정도면 시즌 출고가 어느정도 마무리 될 예정
크리스마스 끝나면 또 신상 오픈으로 바쁠것 같아요
몸은 힘들지만 너무 많은 사랑 감사드려요 ❤️❤️",[]
CmboRlvvRAz,Kim,"-
#레고랜드 #크리스마스
#20221127","['#레고랜드', '#크리스마스', '#20221127']"
CmcAzeSPLQ6,하투맘,루돌프 모자로 꼬셔서 기분좋게 등완! 🦌,[]
CmbzvtNPj0r,데일리룩,"[겨울진행] 럭셔리 심플 지수 페이크퍼 밍크 크롭 숏 후크 조끼 베스트 5컬러
✔️색상 : 화이트 베이지 브라운 그레이 챠콜
✔️소재 : 폴리에스테르100
✔️사이즈 : 프리사이즈 (상세사이즈 홈페이지 참조)
.
.
.
.
.
#데일리룩데이데이 #네이버 #브랜디 #에이블리 #무료배송 #거울샷 #마네킹샷 #모델 #신상 #일상 #셀카 #팔로우 #맞팔 #소통 #좋아요 #하트 #반사 #여자친구룩 #겨울코디 #데일리코디 #우정아이템 #페이크퍼 #퍼조끼 #겨울조끼 #조끼베스트 #연말룩 #크리스마스 #럭셔리 #섹시룩 #청바지코디","['#데일리룩데이데이', '#네이버', '#브랜디', '#에이블리', '#무료배송', '#거울샷', '#마네킹샷', '#모델', '#신상', '#일상', '#셀카', '#팔로우', '#맞팔', '#소통', '#좋아요', '#하트', '#반사', '#여자친구룩', '#겨울코디', '#데일리코디', '#우정아이템', '#페이크퍼', '#퍼조끼', '#겨울조끼', '#조끼베스트', '#연말룩', '#크리스마스', '#럭셔리', '#섹시룩', '#청바지코디']"
Cmb0PV9vyPl,@enuy01_,"🤍 여수 라테라스 윈터빌리지 
📍 전라남도 여수시 돌산읍 진모1길 29-12

주제: 라곰이와 함께하는 따뜻한 겨울이야기

체크인 17:00 / 체크아웃 22:00 (입장마감 21:50)

입장료는 대인 12,000원, 소인 7,000원
(투숙객 5,000원 / 여수시민 대인 9,000원 소인 5,000원)

여수 여행 계획을 짜는데 다들 크리스마스 분위기가 있는 곳응 가보고 싶다고해서 이곳저곳 알아보다가 포토존도 많고 노을도 이쁘다고 한 이곳을 선택 :D

리조트 도착하자마자 우와 하면서 카메라 꺼내서 사진을 찍었.. 진짜 넘넘 이뻣다다다!!!

요기에는 유명한건 7시부터 정각마다 스노우타임이 아닐까??
인공 눈(?)처럼 생긴 거품이 내리는ㅎㅎ 진짜 눈처럼 뿌려져서 사진도 이쁘게 찍힘!!ㅎㅎ

윈터빌리지 입구쪽에서 라테라스 안 야외 수영장까지 쭉 연결되어 있다능 

딴 나라에 온 느낌 약간 괌 느낌??ㅎㅎ 나만 그렇게 생각할지도..ㅎㅎ 아무튼 좋았다.

이 곳에서 가장 생각나는 건 오션뷰!!! 
야외 수영장이 있어 해 지는 모습 보면서 물놀이(?)를 즐길 수 있는ㅋㅋ 
진짜 넘 이쁨!! 담에 여수 올 때 여기로 숙소를 정해놓고 외야 겠다는 생각을 그 정도로 기억에 남아있음

밖에서 볼 때 작아서 돈이 아깝다고 생각을 하고 들어갔는데 들어가자마자 그 생각 사라질 정도로 진짜 재밌게 사진 찍고 구경했..ㅎㅎ

#여수 #여수여행 #여수핫플 #여수갈만한곳 #여수포토존 #여수데이트코스 #여수숙소 #여수라테라스 #윈터빌리지 #크리스마스 #크리스마스분위기 #크리스마스트리 #노을맛집 #야경맛집 #국내여행 #대한민국구석구석","['#여수', '#여수여행', '#여수핫플', '#여수갈만한곳', '#여수포토존', '#여수데이트코스', '#여수숙소', '#여수라테라스', '#윈터빌리지', '#크리스마스', '#크리스마스분위기', '#크리스마스트리', '#노을맛집', '#야경맛집', '#국내여행', '#대한민국구석구석']"
Cmbr3nUhG8t,jbb,"#크리스마스#그냥#이것저것
산타할아버지 빨리 그리자","['#크리스마스', '#그냥', '#이것저것']"
CmbuOeGJaVQ,muldeunnail/물든네일,"귀여운 곰돌이산타🐻🎄
.
.
.
#물든네일#곰돌이네일
#산타네일#크리스마스네일","['#물든네일', '#곰돌이네일', '#산타네일', '#크리스마스네일']"
Cmbo-5GL8dj,야놀,"#생일  #세젤예  #제주여행 #이벤트  #팔로잉 #맛있다  #전주 #안녕  #푸들  #추억  #크리스마스  #냠냠  zjsZuw#산 #부산 #협찬 #ootd #디엠 #디엠환영
#DM #사랑꾼 #여친스타그램 #남친스타그램 #연애중 #연인스타그램 #커플샷 #연애일기 #러브그램 #스포츠토토 #카지노사이트주소","['#생일', '#세젤예', '#제주여행', '#이벤트', '#팔로잉', '#맛있다', '#전주', '#안녕', '#푸들', '#추억', '#크리스마스', '#냠냠', '#산', '#부산', '#협찬', '#ootd', '#디엠', '#디엠환영', '#DM', '#사랑꾼', '#여친스타그램', '#남친스타그램', '#연애중', '#연인스타그램', '#커플샷', '#연애일기', '#러브그램', '#스포츠토토', '#카지노사이트주소']"
Cmb-8rfP4db,꽁,"#빤짝빤짝#정말예쁘다 어쩜 이렇게 예뻐?🥹샵 트리트리💚🥲
.
.
#크리스마스#트리#조명#오너먼트#겨울이야#디테일#유리오너먼트","['#빤짝빤짝', '#정말예쁘다', '#크리스마스', '#트리', '#조명', '#오너먼트', '#겨울이야', '#디테일', '#유리오너먼트']"
CmboTQALOl-,@roongie_,준호가 숙제 하나 끝낸 날 🎄,[]
CmbugzFL1Lu,윤서,"저희 지역에 눈이 많이와서 오랜만에 친구들이랑 #눈사람 만들었어요

처음엔 추웠는데 놀다보니 더워지더라구요😂

Q. 올겨울 친구들과 함께 만들고 싶은 눈사람 알려주세요!

👉저는 고양이 눈사람 만들어 보고 싶었는데 포기했습니당…
.
.
.
#인스타툰맞팔 #중학생 #눈사람 #눈사람만들기 #겨울밸런스게임 #겨울코디 #인스타툰 #인스타툰맞팔환영 #인스타툰추천 #인스타툰연재 #인스타툰그램 #인스타툰꿈나무 #윤서인스타툰 #07 #일상툰 #크리스마스 #크리스마스파티 #밸런스게임 #맞팔 #맞팔해요 #좋반 #좋아요반사 #ㅣ#l4l #l4likes #likesforlike #f4f #좋아요반사 #좋아요 #팔로우 #팔로우미","['#눈사람', '#인스타툰맞팔', '#중학생', '#눈사람', '#눈사람만들기', '#겨울밸런스게임', '#겨울코디', '#인스타툰', '#인스타툰맞팔환영', '#인스타툰추천', '#인스타툰연재', '#인스타툰그램', '#인스타툰꿈나무', '#윤서인스타툰', '#07', '#일상툰', '#크리스마스', '#크리스마스파티', '#밸런스게임', '#맞팔', '#맞팔해요', '#좋반', '#좋아요반사', '#ㅣ', '#l4l', '#l4likes', '#likesforlike', '#f4f', '#좋아요반사', '#좋아요', '#팔로우', '#팔로우미']"
CmbrYr3LpDq,진운,"Posted @withrepost • @usborne_korea #서포터즈#어스본크리스마스이벤트 #위크3
헬로 어스본~! 🎄

크리스마스의 12월! ❄️
12월 한 달! 매 주 금요일마다
어스본 크리스마스 도서들이 와르르! 💝

매주 모집하는 어스본 크리스마스 서포터즈! 🥳

#위크3 이벤트는~!
바로 아이와 잠자리 독서하기 딱 좋은
어스본 전구책!!🎂
책장을 넘길 때마다 반짝이는 빛이

아이들의 눈과 마음을 사로잡는 ‘전구 달린 그림책’!😲🫶

지금 어스본 전구책들을 받아보고 리뷰를 남겨주실 분들은
지금 댓글로 어스본 크리스마스! 이벤트 위크 3에 신청해보세요! 🥰

원하는 도서명 & 아이의 연령과, 도서 기대평을 남겨주시면 신청 완료!
(~12월 23일 발표) 😘

🎅우리 아이를 위한 최고의 크리스마스 선물!
Play & Learn! 창의력·집중력·지식을 한번에!

🎈반짝반짝 행복한 숲속 요정
🎈반짝반짝 행복한 우리아기, 잘자요
🎈반짝반짝 행복한 크리스마스
🎈반짝반짝 행복한 별빛마을

많은 참여 부탁드립니다!
※ 어스본 코리아 인스타그램 팔로우 필수!
※ 리그램시 당첨확률 Double Up!

#이벤트 #크리스마스 #크리스마스이벤트 #어스본 #어스본코리아
#usbornekorea #usborne","['#서포터즈', '#어스본크리스마스이벤트', '#위크3', '#위크3', '#이벤트', '#크리스마스', '#크리스마스이벤트', '#어스본', '#어스본코리아', '#usbornekorea', '#usborne']"
CmcDE0Ah4si,카페,"#카페시나몬
제가 지금 구름을 먹은건가요?!
바닐라빈이 콕 콕 박힌 바닐라 크림이 잔뜩 뿌려진 
촉촉 쫀득 바닐라 크림 드리즐 롤🍦
지금 카페 시나몬에서 만나보세요!
#빵지순례","['#카페시나몬', '#빵지순례']"
CmbzzapL41T,Jinnya,밀멜클 🎄,[]
CmbsroQPiUb,로만홀리데이&솜프리,"엉망으로 만들어 놓고 연락이 안되어서 사진찍었는데
그와중에도 예쁘네 너.... 솜프리 3호점🥺....
마치 나....처.......ㄹ

#일산파티룸 #라페 #라페맛집 #라페파티룸 #라페스타 #일산라페 #웨돔 #웨돔맛집 #일산데이트 #라페데이트 #주엽맛집 #주엽핫플
#일산크리스마스 #크리스마스 #크리스마스파티룸 #hello2023 #goodbye2022 #솜프리파티룸 #로만홀리데이파티룸 #솜프리 #로만홀리데이 #일산에어비앤비 #일산연말파티 #일산송년회 #일산망년회 #일산연말 #일산2023","['#일산파티룸', '#라페', '#라페맛집', '#라페파티룸', '#라페스타', '#일산라페', '#웨돔', '#웨돔맛집', '#일산데이트', '#라페데이트', '#주엽맛집', '#주엽핫플', '#일산크리스마스', '#크리스마스', '#크리스마스파티룸', '#hello2023', '#goodbye2022', '#솜프리파티룸', '#로만홀리데이파티룸', '#솜프리', '#로만홀리데이', '#일산에어비앤비', '#일산연말파티', '#일산송년회', '#일산망년회', '#일산연말', '#일산2023']"
CmbyYybB-pe,ayami,pm 23:00🌙,[]
CmboqpJrDJb,청주케이크,"메리! 그리숨어쓰🎂🎂🎂🎂
가토주니에서  만 나요🙏🙏🙏

#가토주니
#청주케이크
#청주핫플
#청주
#청주까페
#맘스캠프
#케이크
#크리스마스","['#가토주니', '#청주케이크', '#청주핫플', '#청주', '#청주까페', '#맘스캠프', '#케이크', '#크리스마스']"
Cmbp_VLP3HT,이쁜내새끼들😍❤🥰,"오늘 어린이집 산타의날🎅🎄
드레스코드 레드‼️
시장에서 급조한 옷 입히고 보냈는데
너무 사랑스러운 소윤이❤️😍
선물받고 오늘 너무좋아한 소윤이
내년부턴 진짜 말 잘들어라!! ㅋㅋ

마지막사진😂 눈이 어디달린지 모를 선글라스위치ㅋㅋㅋ

#산타의날
#아기상어코딩컴퓨터
#크리스마스
#드레스코드레드
#소유니빠숑","['#산타의날', '#아기상어코딩컴퓨터', '#크리스마스', '#드레스코드레드', '#소유니빠숑']"
CmbxwYKLFQu,HongJimin,"광주시립발레단 정기공연 송년맞이 호두까기인형♡
작년에 이어 올해도 한국 발레계의 전설 김용걸 안무가 버젼인데 작년에도 느꼈지만 가족끼리 보는 공연에 아라비안 춤이 넘 선정적이라 보기 불편하다. 약간 순화시키면 더 보기 편할 듯 한데..올해는 남자 무용수들이 느끼하기까지..(이걸 노린거면 성공적)
유명한 원자승 연출과 김장연 무대영상디자이너가 별다른 무대 장치 없이 LED 패널만 사용해 3D영상으로 무대를 꾸몄는데 기존 클래식 발레와는 다른 색다른 느낌을 갖게 한다.
1막 피날레 눈송이 군무 왈츠가 멋있었고, 특히 2막 남녀 주역의 그랑파드되가 넘 환상적이라 환성과 박수가 절로 나왔다. 
사실 개인적으로 스타성있는 최태지 단장이 떠난 이후에 광주시립발레단이 좀 침체되지 않을까 살짝 우려스러웠는데, 무용수들이 땀을 뻘뻘 흘리며(역시 비싼 자리 앉길 잘했어) 열심히 동작 하나하나를 선보일때마다 그동안 얼마나 노력하고 연습했을지가 상상됐다.
광주시립발레단의 간판스타 강은혜&보그단 수석 무용수의 환상적인 호흡. 강은혜님의 갸냘픈 선과 아련한 눈빛이 좋아♡
회차별 주역이 달라 전부 다 보고 싶은데 23일은 첼로오빠 광주시향 공연이 있고 주말엔 전시보러 서울에 가야해서 아쉽다. 공유민, 박관우 무용수 버젼도 넘 궁금한데..
연말&크리스마스 분위기를 한껏 느깔 수 있는 멋진 공연이었다. 내년엔 새단장한 광주문화예술회관 대극장에서 열리는 공연을 볼 수 있을텐데 예전처럼 오케스트라 연주에 맞춰(MR싫어) 공연하는 광주시립발레단을 보고싶다.

#광주시립발레단 #호두까기인형 #nutcracker
#차이코프스키 #발레 #발레단 #광주공연 #연말공연 #공연추천 #김용걸 #최태지 #그랑파드되 #무용수 #발레리나 #발레리노 #국립아시아문화전당 #ACC #아문당 #광주발레 #광주시향 #광주문화예술회관 #광주시립교향악단 #캐롤 #크리스마스 #크리스마스캐롤 #크리스마스캐럴","['#광주시립발레단', '#호두까기인형', '#nutcracker', '#차이코프스키', '#발레', '#발레단', '#광주공연', '#연말공연', '#공연추천', '#김용걸', '#최태지', '#그랑파드되', '#무용수', '#발레리나', '#발레리노', '#국립아시아문화전당', '#ACC', '#아문당', '#광주발레', '#광주시향', '#광주문화예술회관', '#광주시립교향악단', '#캐롤', '#크리스마스', '#크리스마스캐롤', '#크리스마스캐럴']"
CmT_7dxIoKZ,🇰🇷🇩🇪,"요로코롬이쁜야경도이찌요🌃
.
.
.
.
.
.
.
.
.
.
.
.
.
.
.
#여행 #사진 #사진스타그램 #여행스타그램 #여행사진 #travel #travelgram #travelphotography #photography #photooftheday #사진계정 #유럽여행 #스냅 #스냅사진 #snap #snapshot #크리스마스 #christmasmarket #weihnachtsmarkt #traveltheworld #christmas #힐링 #사진작가 #감성사진 #frankfurt #christmasvibes #야경 #야경스타그램 #night #nightphotography","['#여행', '#사진', '#사진스타그램', '#여행스타그램', '#여행사진', '#travel', '#travelgram', '#travelphotography', '#photography', '#photooftheday', '#사진계정', '#유럽여행', '#스냅', '#스냅사진', '#snap', '#snapshot', '#크리스마스', '#christmasmarket', '#weihnachtsmarkt', '#traveltheworld', '#christmas', '#힐링', '#사진작가', '#감성사진', '#frankfurt', '#christmasvibes', '#야경', '#야경스타그램', '#night', '#nightphotography']"
Cmb6A5mPTCT,조승연,"💪
날씨도 춥고 눈도 내리는날🌨️
새로운 신규 회원님과 기존 회원님들 수업하고
깔쌈하게 하체운동까지 끝냈따아😥
오늘 하루도 고생 했어요👏

이번주 크리스마스다🎄
그냥 일상이 될것인지‼️
특별한 날이 될것인지‼️
모르겠다🤣",[]
Cmb--dbhfMf,카테리나,"📍 열린송현녹지광장 

Win-winter festival ✨

2022.12.16 ~ 12.25 💕

#한겨울의동행축제 #윈윈터페스티벌 #크리스마스 #그리스마스트리 #christmas #christmasfestival #snow #눈 #인사동 #인사동데이트 #국제커플 #데이트 #서울 #서울데이트","['#한겨울의동행축제', '#윈윈터페스티벌', '#크리스마스', '#그리스마스트리', '#christmas', '#christmasfestival', '#snow', '#눈', '#인사동', '#인사동데이트', '#국제커플', '#데이트', '#서울', '#서울데이트']"
Cmbzkihp8x7,강하늘ha,🎄𝐻&𝐽 𝐷𝑎𝑦☃️,[]
CmbuEsrP7Vd,엄마표놀이,"친구야~ #크리스마스카드 만들기 할건데 놀러 와~~

애들 넷이 모여 작업!

","['#크리스마스카드', '#크리스마스', '#카드만들기', '#엄마표미술놀이', '#쌜리아이디어']"
Cmbm6iCpI5y,란이,"이번 연말은 레드 파뤼🤟❤️

-
❥ 예약 ❥ 네이버
❥ 문의 ❥ 카카오채널
｡ﾟﾟ･｡･ﾟﾟ｡
ﾟﾟ。네일, 채민지 검색🔎
　ﾟ･｡･",[]
Cmb9YbHpdd0,서귀포케이크,"🎄
두근두근 크리스마스가 벌써 코 앞!
이번에도 정말정말 x10000 많은 관심가져주셔서
하루하루 놀라기만 했던것같아요..!

저희도 역시 보답하고자 이번엔 정말 많은 수량을 준비했는데요 더..더이상은 무리에요...🫣(이제그만혼쭐날래요...❤️)
그래서 살포시 새벽에 공지남겨봅니닷..

크리스마스 주문은 22일 저녁 6시까지만 받을게요!
위에 올린 달력 보시고 꼭 ! 참고하시길바래요🫶🏻

✔️23,24,25일에는 매장 이용이 어렵습니다(테이크아웃만 가능)
✔️크리스마스 기간동안에는 크리스마스디자인만 주문가능합니다.
✔️문의 및 예약은 @seogwipean_cake 로 dm메세지 부탁드려요
.
.
.
#서귀피안#서귀피안본점 #서귀포카페 #제주도카페 #서귀포케이크 #제주케이크 #제주도케이크 #서귀포주문제작케이크 #케이크주문제작 #제주주문제작케이크 #제주생일케이크#서귀포맛집 #제작케이크 #레터링케이크 #도시락케이크 #서귀포카페추천 #제주도카페추천 #제주데이트코스 #제주디저트카페 #중문카페추천 #크리스마스케이크#크리스마스#제주도크리스마스 #제주주문제작케이크","['#서귀피안', '#서귀피안본점', '#서귀포카페', '#제주도카페', '#서귀포케이크', '#제주케이크', '#제주도케이크', '#서귀포주문제작케이크', '#케이크주문제작', '#제주주문제작케이크', '#제주생일케이크', '#서귀포맛집', '#제작케이크', '#레터링케이크', '#도시락케이크', '#서귀포카페추천', '#제주도카페추천', '#제주데이트코스', '#제주디저트카페', '#중문카페추천', '#크리스마스케이크', '#크리스마스', '#제주도크리스마스', '#제주주문제작케이크']"
CmbrnMYrSL-,れ,"💙
ㅤ
이것도…
ㅤ
#christmas 
#illustration 
#photo
#사진 
#좋아요반사
#크리스마스
#일루미네이션
#환상적","['#christmas', '#illustration', '#photo', '#사진', '#좋아요반사', '#크리스마스', '#일루미네이션', '#환상적']"
CmcCZv_vUQq,실버,"연말파튀❤️사랑해용 
-
-
-
-
#지웰#청주#미사총#연말파티#연말모임
#daily#일상#셀피#selfie #크리스마스","['#지웰', '#청주', '#미사총', '#연말파티', '#연말모임', '#daily', '#일상', '#셀피', '#selfie', '#크리스마스']"
CmbyJCBL3Qa,피치,"#리그램 - @mac_moc by @get_multi_repost
⛄ MAC Santa가 떴다! ⛄

다가오는 크리스마스를 맞이하여
MAC Santa가 빅 선물을 준비했어요!🎄

현재 피드를 공유한 후
갖고 싶은 슈즈 번호와 상품명을 남겨주시면
추첨을 통해 MAC Santa가 서프라이즈 선물을 드릴 거에요!

✨MAC Santa 서프라이즈 선물 1명
✨Coza 슬리퍼 증정 20명

✅참여기간 : 12월 21일-12월 25일
✅결과발표 : 2023년 1월 5일 
✅참여방법 
①마크모크 SNS 팔로우하기
②현 게시물 리그램하거나 캡처 후 업로드
③@macmoc 태그 및 필수해시태그 작성(하단 참고)
④업로드 후 해당 게시물에 ","['#리그램', '#마크모크', '#macmoc', '#크리스마스', '#크리스마스선물', '#연말선물', '#이벤트', '#특가']"
CmbwsOjPXK8,민들레스냅,"𝑻𝒉𝒆 𝑺𝒏𝒐𝒘 𝑸𝒖𝒆𝒆𝒏 ❄️

🤍 크리스마스 컨셉으로 꾸며진 스튜디오를 대관하여 진행한 촬영입니다 :)

🤍 민들레스냅 소장 드레스를 대여해드렸습니다. 뒷코르셋 형태의 드레스로 44반 고객님까지 착용하실 수 있어요.

Photo. @dandelion_snap
Model. @jeri.je.5
Hair/Makeup. @mimo_wroom
Studio. @cielo_studio_o 

예약문의는 dm/kakao 민들레스냅 🌼",[]
Cmboz50vD-k,타코사마,"타코사마 여러분 미리메리크리스마스🎄여기는 텐진크리스마스 마켓인데 여행오신 분들은 꼭 한번 가보세요! 
장관이고요 절경임미다

너무 오랜만에 코타랑 같이 크리스마스 보낼 수 있어서 아주 기쁜 맴 희희
크리스마스 야무지게 보내야지~❄️ 
.
(브이로그는 지금 편집하고 있으니 금/-토중에 올릴게요! 크리스마스 븨로그는 아직...🫠)
.",[]
CmbrpioSCly,@fotofoto_daily,"곧 크리스마스

#christmas 
#xmas 
#크리스마스
#성탄절 
#산타 
#santaclaus 
#갬성
#겨울
#winter
#사진소통 
#사진계정 
#맞팔하면선팔 
#소통해요","['#christmas', '#xmas', '#크리스마스', '#성탄절', '#산타', '#santaclaus', '#갬성', '#겨울', '#winter', '#사진소통', '#사진계정', '#맞팔하면선팔', '#소통해요']"
Cmb0BVhLgFQ,강지민,"산타 삔 꼽꼬
신나서 온 동네방네를 ....
ㅋㅋㅋㅋ💖🎄🎁",[]
Cma3StxLe3b,보라,🎄,[]
Cmb1jLyLVVN,윤초혜,"부대찌개는 내일 ㅋ
오늘은 쿨쑤마쓰를 미리 즐기는 스테이크 파뤼 ㅎ
조카들이 외롭지 않키를...
미리 메리크리스마스~🎅
서프라이즈로 아이스크림 케이크를 준비했는데 식칼로도 짤리지않는 케잌...ㅋㅋㅋ
낼모레 쿨쑤마쓰까지 기다리면 녹지않겠니 ㅎ

#shanghai #上海 #Christmas #圣诞节 #해외생활 #상하이 #타지생활 #크리스마스 #친구 #선물 #초콜릿 #파티 #스테이크 #크림스파게티 #크림파스타 #까르보나라 #집밥 #부대찌개 #아이스크림케잌 #식칼","['#shanghai', '#上海', '#Christmas', '#圣诞节', '#해외생활', '#상하이', '#타지생활', '#크리스마스', '#친구', '#선물', '#초콜릿', '#파티', '#스테이크', '#크림스파게티', '#크림파스타', '#까르보나라', '#집밥', '#부대찌개', '#아이스크림케잌', '#식칼']"
CmbrGw-Pv1u,채,"판다모자쓰고 트리앞에서
#에버랜드",['#에버랜드']
Cmb_Y9qhJ26,Kim,"세상 신나보이는 나와
웃고있는데 왠지 웃는게아닌 준식찡
미안 나는 정말 행복해ㅋㅋㅋㅋ🥰🥰🥰🥰
#크리스마스파티 #잠옷선물 #넘긔여워
#크리스마스 #기념사진 #일상스타그램 #일상
#오랜만에 #인스타폭풍업뎃","['#크리스마스파티', '#잠옷선물', '#넘긔여워', '#크리스마스', '#기념사진', '#일상스타그램', '#일상', '#오랜만에', '#인스타폭풍업뎃']"
CmbrCzJBS30,민경진,"Christmas Drive Safe

#PEACHES #D8NE #피치스 #도원 #성수동
#SMOKINGTIGERS #성수동핫플레이스 #ChristmasDriveSafe #크리스마스 #드라이브코스","['#PEACHES', '#D8NE', '#피치스', '#도원', '#성수동', '#SMOKINGTIGERS', '#성수동핫플레이스', '#ChristmasDriveSafe', '#크리스마스', '#드라이브코스']"
CmbqQ69yNkK,#써니네,"크리스마스 분위기나게 꽃꽂이♡

#써니네 놀이터 #크리스마스 꽃꽃이 #테이블꽃장식 #겨울소품 #나만있는 #단하나뿐인 #구입문의댓글또는dm","['#써니네', '#써니네', '#크리스마스', '#테이블꽃장식', '#겨울소품', '#나만있는', '#단하나뿐인', '#구입문의댓글또는dm']"
CmbtYlBpKoS,@ot_si_ms,"산타할아버지가 썰매를 탈수있게 도와줘!🎅🛷
#ms의작업치료 

#작업치료 #감각통합 #아동발달 #시지각훈련 #집중력향상 #크리스마스 #미로찾기 #occupationaltherapy #sensoryintegration #sustainedattention #finemotor #handfunction #cp #diplegia #eyehandcoordination #cognition","['#ms의작업치료', '#작업치료', '#감각통합', '#아동발달', '#시지각훈련', '#집중력향상', '#크리스마스', '#미로찾기', '#occupationaltherapy', '#sensoryintegration', '#sustainedattention', '#finemotor', '#handfunction', '#cp', '#diplegia', '#eyehandcoordination', '#cognition']"
Cmb2aTErrps,태5,"🎄☃️☃️🎄

.
.

#겨울#크리스마스#애견카페#눈#태랑#산타#트리#여행#취미#아이쥐#강아지#이탈리안그레이하운드 #수상스키#웨이크보드#빠지#수상레저#아산#천안#신정호#카페#멍팔맞팔#멍스타그램#멍뭉이#여행스타그램#운동#데일리#일상#좋아요#팔로우#ㅎㅎ","['#겨울', '#크리스마스', '#애견카페', '#눈', '#태랑', '#산타', '#트리', '#여행', '#취미', '#아이쥐', '#강아지', '#이탈리안그레이하운드', '#수상스키', '#웨이크보드', '#빠지', '#수상레저', '#아산', '#천안', '#신정호', '#카페', '#멍팔맞팔', '#멍스타그램', '#멍뭉이', '#여행스타그램', '#운동', '#데일리', '#일상', '#좋아요', '#팔로우', '#ㅎㅎ']"
CmYV5i0Pp-P,리나,".
윈터아뜰리에 🎄🎄

아이들과 들어서며 어머! 갤러리같네요! 
미술관에 들어온거 같아요 라며
좋아하는  엄마와 아이들 🪑♥️

윈터아뜰리에의 아티스트는 우리 친구들 그리고 들어선 어른,아이 모두가 오늘은 아티스트가 되는거에요 , 🧑🏻‍🎨

좋아하는 스케치가 남겨진 피에스의 스케치포스터를 고르고, 나에게 맞는 채색재료를 고르고 이젤앞에 앉아 나만의 잠재적 미적 재능을 맘껏 펼쳐보아요 🎨

누구의 터치도 없이, 자유롭게 내가 주도적으로 모든 순간 재료를 고르고 색을 더하고 모든과정은 내가 스스로 창작하며 , 과정에서 즐거움이 함께 할거에요 

📍피에스아뜰리에_윈터아뜰리에

상시 운영중이며 예약은 온라인스토어 윈터아뜰리에에서 예약이 가능합니다.

📍아이들과 함께, 가족 모두 , 친구와 함께 ,혹은 나만의 시간으로 혼자 신청하셔도 좋아요. 

📍윈터아뜰리에/ 대관 가능합니다

#피에스_
#윈터아뜰리에
#미술체험
#드로잉카페
#크리스마스클래스","['#피에스_', '#윈터아뜰리에', '#미술체험', '#드로잉카페', '#크리스마스클래스']"
CmbxWE2PsEF,ෆ⃜,"🫶🏻🎄✨💝🥰💚

#연남동#크리스마스#오마카세#야키토리묵#카페#얼스어스#티크닉#코메아벨렘","['#연남동', '#크리스마스', '#오마카세', '#야키토리묵', '#카페', '#얼스어스', '#티크닉', '#코메아벨렘']"
Cmbr1zkJ-2q,🐰Linkgenie,다들 따뜻한 연말 보내세요:) ☕️🍓,[]
CmbpAkSrWyb,크리밍🧚🏻‍♀️,"#Repost @gae.kwa.cheon.sun with @use.repost
・・・
개과천선 산타가 선물을 들고 왔어요~🎁

🎄크리스마스 리그램 이벤트🎄

개과천선을 사랑해 주시는 여러분들에게
올해 겨울을 따스하게 보내실 수 있도록❄️

크리스마스 맞이🎅
개과천선 리그램 이벤트를
준비했습니다~!!

개과천선의 겨울 용품들과 함께

남은 겨울 준비와
올해 마지막 2022년도를
떠나보낼 준비를 시작해볼까요?

✔ 크리스마스 리그램 이벤트 구성

카소 겨울용 슬링백
(신상품 - 색상 선택가능) : 5명

✔ 이벤트 기간

12-21 (수) ~ 12-25 (월)
(재고 소진 시 조기마감)

🎁26일 당첨자 발표🎁

✔ 이벤트 대상

- 기간 내 참여하는 신청자
- 후기를 위한 이벤트로 공개계정만 가능합니다.
- 상업 및 리그램전용 계정은 발송제외 될 수 있습니다.

✔ 참여방법

1. 본 계정 @gae.kwa.cheon.sun 을 팔로우 해주세요.
2. 본 리그램 게시물에 좋아요를 눌러주세요.
3. 자신의 피드에 이벤트 사진과 게시글을 리그램 해주세요.
4. 본 게시물에 댓글로 참여 여부를 확인할 수 있도록 남겨주세요.
5. 제품 수령 후 후기 사진 부탁드립니다 :)

✔ 제품발송

1. 리그램 후 댓글을 남겨주시면
담당자 확인후 DM으로
수령지 정보를 요청 드려요.

2. 제품 수령후
인스타그램 리뷰 작성
꼭 부탁 드립니다.

✔ 당첨 기준

랜덤으로 진행됩니다 !
당첨자 뽑기는 룰렛을 통해 이루어지고
추후에 해당 영상이 공개됩니다.

※중복지원이 가능하지만,
첫 번째 이벤트에서 당첨될 시
두 번째 이벤트에서는 제외됩니다※

#개과천선 #개과천선스토어 #리그램이벤트 #겨울용품 #강아지겨울용품 #고양이겨울용품 #크리스마스 #크리스마스리그램이벤트 #리그램 #협찬 #regram #이벤트 #개과천선리그램 #강아지 #고양이","['#Repost', '#개과천선', '#개과천선스토어', '#리그램이벤트', '#겨울용품', '#강아지겨울용품', '#고양이겨울용품', '#크리스마스', '#크리스마스리그램이벤트', '#리그램', '#협찬', '#regram', '#이벤트', '#개과천선리그램', '#강아지', '#고양이']"
Cmb70rYpOPi,썬도도,"#연말은화려하게 🥂

-

12월은 #레드 못참지🤣

🤔
....

흠......
........................

❓️❗️❓️❗️❓️❗️

볼수록 세일러문이 자꾸 생각나...

아놔..벗어나자 문크리스탈파워여...🤦‍♀️

ㆍ","['#연말은화려하게', '#레드']"
Cmbrpr3vBnJ,성수동,".
✨성수동 파티룸 마르모 event💝
🎁장식테이블 셋팅 + 드레스 전체 대여 무료 이벤트‼️

✔️파티룸&스튜디오 예약 시 5만원 상당의 장식테이블 무료✨
✔️한벌이 아닌 전체 드레스 모두 무료 대여✨
✔️ 8인용 장식테이블 외 별도의 소파와 테이블 공간으로 
음식과 와인을 편하게 즐기세요🥂🎂
✔️성수 핫플레이스 카페거리 중심 위치로 유명 맛집 보장👀
✔️다양한 컨셉의 포토 컨셉존으로 파티와 스냅촬영을 동시에 
모두 즐기세요(우정스냅, 프로필촬영, 커플스냅 모두 가능)📸
✔️파티룸 내 조광기 및 조명 장비 구비로 모든 시간대 화사한 분위기 연출 가능✨
✔️파티룸 내 파우더룸/ 주방공간/ 화장실 위치
✔️건물 내 주차 무료🙆🏻‍♀️

#성수동스튜디오 #서울숲스튜디오 #파티룸 #파티룸대관 #파티룸추천 #성수동파티룸 #건대파티룸 #강남파티룸 #홍대파티룸 #공주파티 #홈파티 #크리스마스 #크리스마스파티 #연말파티룸 #연말파티 #연말모임 #모임하기좋은곳 #해피뉴이어 #성수동핫플 #성수동데이트 #데이트 #생일파티 #장소대관 #instagram #파티소품 #파티룸대여 #파티룩 #f4f #성수동셀프스튜디오","['#성수동스튜디오', '#서울숲스튜디오', '#파티룸', '#파티룸대관', '#파티룸추천', '#성수동파티룸', '#건대파티룸', '#강남파티룸', '#홍대파티룸', '#공주파티', '#홈파티', '#크리스마스', '#크리스마스파티', '#연말파티룸', '#연말파티', '#연말모임', '#모임하기좋은곳', '#해피뉴이어', '#성수동핫플', '#성수동데이트', '#데이트', '#생일파티', '#장소대관', '#instagram', '#파티소품', '#파티룸대여', '#파티룩', '#f4f', '#성수동셀프스튜디오']"
CmbqEcOrZCq,포메라이안,"오늘도 새벽부터 함박눈이💗~~~설아의 산책길은 질퍽질퍽  그래도 포기할수없는 산책이라 해질무렵 잠깐~나갔는뎅
쉬랑 응가~쿨하게😍😍😍(ㅎㅎ)
#산책 #눈길 #함박눈 #추위 #크리스마스 #트리 #패셔니스타 #아소비진 #칭구들 #견생일기 #강아지 #멍스타그램 #멍팔맞팔","['#산책', '#눈길', '#함박눈', '#추위', '#크리스마스', '#트리', '#패셔니스타', '#아소비진', '#칭구들', '#견생일기', '#강아지', '#멍스타그램', '#멍팔맞팔']"
CmbriMPPHwT,클라라음악학원,"귀요미들 캐롤 영상 열심히 촬영 중!
.
#크리스마스캐롤#크리스마스#캐롤연주#last_cristmas#클라라음악학원","['#크리스마스캐롤', '#크리스마스', '#캐롤연주', '#last_cristmas', '#클라라음악학원']"
Cmbsbamrgyz,마케팅,"유진이가 셀카점수 65점 줬다
.
.
.
.
#광안리카페 #부산카페 #부산카페추천 #광안대교🌉 #니트티 #부산 #불꽃축제명당 #부산불꽃놀이 #겨울 #크리스마스 #겨울코디 #겨울바다 #겨울니트.","['#광안리카페', '#부산카페', '#부산카페추천', '#광안대교', '#니트티', '#부산', '#불꽃축제명당', '#부산불꽃놀이', '#겨울', '#크리스마스', '#겨울코디', '#겨울바다', '#겨울니트']"
Cmb1EtXuxiU,Hyejin,"드디어 마스크 벗고 산타 포토🎅🏻

#전문가라며#25불이나냈는데#그래도추억이니까#어제도발질질끌며돌아옴#마법의신발#3년이지나도#길들여지지않아#다섯살아들#개띠아들#산타#크리스마스#크리스마스룩#초록#엄마랑아들#커플룩#모자룩#내년엔나도꼬까옷#플리즈#토론토일상","['#전문가라며', '#25불이나냈는데', '#그래도추억이니까', '#어제도발질질끌며돌아옴', '#마법의신발', '#3년이지나도', '#길들여지지않아', '#다섯살아들', '#개띠아들', '#산타', '#크리스마스', '#크리스마스룩', '#초록', '#엄마랑아들', '#커플룩', '#모자룩', '#내년엔나도꼬까옷', '#플리즈', '#토론토일상']"
Cmb01HHLVui,낭만,"낭만브로이 ♡
#수제맥주 #젊음의거리가볼만한술집 #성남동술집 #울산술집#흑맥주 #젊음의거리호프골목 #12월#연말 #단체예예약 #크리스마스","['#수제맥주', '#젊음의거리가볼만한술집', '#성남동술집', '#울산술집', '#흑맥주', '#젊음의거리호프골목', '#12월', '#연말', '#단체예예약', '#크리스마스']"
CmbrpznLUYO,금빵ෆ⃛,최연소 아기 산타👶🏻🎅🏻🎁,[]
CmbyBqjOwKI,경주오푸스11풀빌라,"🎉오푸스에서 버블파티, 야외인피니티풀로 가족, 연인, 친구들과 연말, 크리스마스 즐겨보자!🎉

경주에서 느낄 수 있는 동남아 오푸스풀빌라🏝
✅ DJ부스 설치로 더욱 빵빵한 사운드로 즐길 수 있는 풀파티(미온수풀)✅
🎈네이버예약시 온수 무료이벤트
🎈싹쓰리, 원데이, 1+1 이벤트🎈 외에도 다양한 패키지 및 이벤트가 있으니
홈페이지 방문 후 예약해주시면 다양한 혜택이 있습니다^^ 

…………………………………………………………………………………

✔미온수로 따뜻하게 수영 할 수 있는 야외인피니티풀

✔ 1~5까지 다양한 객실타입

✔ 인피니티풀에서 매일매일 신나는 edm 음악과 버블파티🔥

✔개별바베큐장에서 더욱 더 프라이빗하게 소중한 사람들과 식사 가능👌

✔ 인피니티풀에서 신나게 놀고 개별수영장에서 프라이빗하게 한번 더 놀 수 있음

✔ 인피니티 풀 옆에 있는 포토존(레이크뷰그네)에서 인생샷 건지기📸

·  공식홈페이지 : https://opus11.co.kr/
· 위 치 : 경상북도 경주시 천북면 천강로 166-37 
· 예약 / 문의 : 010-2459-771

#좋반 #좋아요반사 #호캉스 #국내여행지추천 #통영여행 #통영가볼만한곳 #통영핫플 #통영풀빌라 #통영펜션 #통영여행 #통영여행코스
#통영가볼만한곳 #통영카페 #통영데이트 #통영숙소 #통영호텔 #경주펜션 #경주풀빌라 #경주여행 #경주가볼만한곳 #경주숙소 #경주카페 #황리단길 #경주핫플
#경주숙소추천 #경주데이트 #경주데이트코스 #연말파티 #크리스마스 #연말","['#좋반', '#좋아요반사', '#호캉스', '#국내여행지추천', '#통영여행', '#통영가볼만한곳', '#통영핫플', '#통영풀빌라', '#통영펜션', '#통영여행', '#통영여행코스', '#통영가볼만한곳', '#통영카페', '#통영데이트', '#통영숙소', '#통영호텔', '#경주펜션', '#경주풀빌라', '#경주여행', '#경주가볼만한곳', '#경주숙소', '#경주카페', '#황리단길', '#경주핫플', '#경주숙소추천', '#경주데이트', '#경주데이트코스', '#연말파티', '#크리스마스', '#연말']"
CmbwXdYL2t3,💍👶🏼🍼,"다온이잠들고💤남편이 산타용선물 
미리 포장해서 팬트리룸에 숨겨놓음 🤫🎅🏽🎁
땡겨서 크리스마스 선물 사줬는데 
이제 끝난건가 ? 😭😭
#오늘의밥상 🥩
.
.
.
.
.
#소고기파티#크리스마스#메리크리스마스#산타#산타할아버지#선물스타그램#선물#홈스타그램#홈파티#🎁#일상샷#데일리그램","['#오늘의밥상', '#소고기파티', '#크리스마스', '#메리크리스마스', '#산타', '#산타할아버지', '#선물스타그램', '#선물', '#홈스타그램', '#홈파티', '#일상샷', '#데일리그램']"
Cmb9LmzhNcz,김수하,🎄🎄,[]
Cmb2tPiJMyJ,비숑프리제,털망진창 털뚠뚠이 베리도 멜클 🎄❤️,[]
Cmb6QupPe22,커플잠옷,"바로 배송🎁 해피 쿠키 파자마
얼마 남지 않은 크리스마스 🎄🎅🏻
빠른 배송으로 만나보세요!",[]
CmbqQemvpbM,나빈샵❤비니맘,"❗[공동구매] 
크리스마스 럭셔리 웨이퍼
공구 최저가 Open!❤

귀엽고 사랑스런 틴케이스와
바삭하고 풍부한 향의 웨이퍼가 담긴
럭셔리 웨이퍼 홀리데이 에디션! ☺

귀여운 캐릭터 틴케이스에
초코3개 바닐라2개 총 5개가 들어있습니다
(틴케이스는 다 드신 후 연필꽃이나 
다른 용도로도 활용 가능하세요~)

럭셔리 초코웨이퍼는
바삭한 초코웨이퍼 안에
깊은 풍미가 느껴지는 초코크림이 가득!♪
럭셔리 바닐라웨이퍼는
눈처럼 새하얀 웨이퍼 안에
달콤한 바닐라크림이 가득!♫

❣간식, 유치원/어린이집 답례품,
크리스마스/연말 선물,
홈카페, 연말파티 등에
제격인 아이템이랍니다~
(선물용으로 대량주문 폭주 중)

크리스마스 웨이퍼로 연말에
소중한 사람들과 행복한 시간 보내세요 :)

✰파손이 발생하기 쉬운 상품입니다
틴케이스 찌그러짐 및 과자 80%이상
파손이 아닌경우 교환 환불 불가입니다ㅠㅠ
참고 부탁드려요ㅠ 

[★ 한정수량 품절전
서둘러 구매하세요~!! ★]

구매는 프로필 하단
링크에서 가능합니다! ☝☝☝

#딸바보엄마#워킹맘#조카선물#크리스마스선물#도치맘#끙아주스#육아그램#육아템추천#크리스마스#육아스타그램#아이들간식#어린이음료추천#간식#아이간식#크리스마스과자#생일선물#웨이퍼과자공구#크리스마스분위기#집들이선물#아이가있는집#딸램그램#딸둥이#하원후일상#애스타그램#자매둥이#연말선물#얼집하원#연말#크리스마스틴케이스","['#딸바보엄마', '#워킹맘', '#조카선물', '#크리스마스선물', '#도치맘', '#끙아주스', '#육아그램', '#육아템추천', '#크리스마스', '#육아스타그램', '#아이들간식', '#어린이음료추천', '#간식', '#아이간식', '#크리스마스과자', '#생일선물', '#웨이퍼과자공구', '#크리스마스분위기', '#집들이선물', '#아이가있는집', '#딸램그램', '#딸둥이', '#하원후일상', '#애스타그램', '#자매둥이', '#연말선물', '#얼집하원', '#연말', '#크리스마스틴케이스']"
Cmbsz9WhDw0,쭈😘,"#💐
.
.
.
.
#보기만해도#힐링
#나도#꽃#좋아하네#💕","['#보기만해도', '#힐링', '#나도', '#꽃', '#좋아하네']"
CmbprT2PvE2,@minzi._.s2,"🎅🏻🎁🎄🦌☃️🍕🔔🧣🧤

넘 좋아했던 ..💚❤️",[]
Cmb01S3rCun,파리바게뜨,"2022크리스마스 굿즈3종☃️

이현점에서 만나요' '
모두 따뜻한 크리스마스보내요❣️",[]
Cmbobqjr2nF,@_u.nnn,"-

어린이집 산타선생님들께 선물받고, 집 오자마자 뜯어서 바로 사부작거리며 완성한 얀이만의 무드등 오브제🪫",[]
Cmb0ROIJPRk,롱찬다라,"애들이랑 물고기 먹이 주기…

#태국여행 #소통 #댓글 #방콕 #태국 #크리스마스 #연말 #여행스타그램 #연말룩 #연말여행 #촌놈 #존못 #3박4일 #일상소통 #백수생활 #백수의하루 #여행 #백수일기 #동남아 #인친 #인친해요 #인친구함 #인친소통 #백수 #못생김주의 #물고기 #물고기키우기 #물고기사랑 #물고기구경 #잉어","['#태국여행', '#소통', '#댓글', '#방콕', '#태국', '#크리스마스', '#연말', '#여행스타그램', '#연말룩', '#연말여행', '#촌놈', '#존못', '#3박4일', '#일상소통', '#백수생활', '#백수의하루', '#여행', '#백수일기', '#동남아', '#인친', '#인친해요', '#인친구함', '#인친소통', '#백수', '#못생김주의', '#물고기', '#물고기키우기', '#물고기사랑', '#물고기구경', '#잉어']"
CmbsEUFJSfE,으느느,"으느느가 여러분의 선유로운 생활과 함께합니다💕

2022년의 마지막, 여러분의 한 해는 어떠셨나요? 타인들의 시선과 사소한 일들에 신경쓰시느라 나만의 여유를 잃어버리시지는 않으셨나요?

그럴 땐 선유도 곳곳에 숨겨진 예쁜 매장들을 방문하거나 공방에서 클래스를 즐기며 오롯이 나에게만 집중하는 시간을 가져보세요.

여러분의 선유로운 생활! 으느느 베이킹 스튜디오가 함께합니다👩🏻‍🍳

🚨꿀팁🚨
✔️'로컬바이브 선유'에서 으느느 제품을 맛보며 나만의 여유로운 시간을 즐기실 수 있어요!
✔️위치 : 서울시 영등포구 양평로22나길 2-1(선유도역 2번 출구)
✔️기간 : 22.11.16 ~ 22.12.31 (월요일 휴무)",[]
CmbuQdNS0Wf,수유네일🌷썸데이네일🌷,"귀여운 다혜씨만큼 
귀여운 포인트 mix ..💕✨
.
예약문의
ꗺ
📞 𝚃𝙴𝙻 . 𝟶𝟷𝟶. 𝟻𝟽𝟶𝟿. 𝟻𝟽𝟽𝟻
- - - - - - - - - - - - - - - - - - - - - - - - - - - - -
ꕤꔪ 성함, 연락처, 디자인, 제거유무, 예약금필수! 💫
ꕤꔪ 예약시 [예약금 1만원] 입금 안내드립니다 🙌
ꕤꔪ 시술시 답변이 늦어질수도 있으니, 양해부탁드려요 🙏",[]
CmbzWsChKKw,@mung._.dahye0118,"✨
LOTTEWORLD : 🌻
.
.
.
#롯데월드 #lotteworld #롯데월드몰 #롯데월드타워 #크리스마스 #잠실","['#롯데월드', '#lotteworld', '#롯데월드몰', '#롯데월드타워', '#크리스마스', '#잠실']"
Cmbvs5IPXAI,미야비,"영탁 왕_자💙💙💙💙💙

출처 레이체리님🍒🍒

#영탁 #youngtak #크리스마스
#오늘도난길을나서네 
#영탁사랑해","['#영탁', '#youngtak', '#크리스마스', '#오늘도난길을나서네', '#영탁사랑해']"
Cmb1aO0pAi7,@k3k3k3k3k3k3k3k3k3,"#크리스마스 #クリスマス #Christmas #크리스마스트리 #クリスマスツリー #Christmastree
#메리크리스마스 #メリークリスマス #MerryChristmas

#캘리그라피 #カリグラフィー #calligraphy

#그림그리기 #お描き #drawing #coloring #그림 #絵画 #디자인 #デザイン #design #미술 #アート #art #일러스트 #イラスト #illustration #illust","['#크리스마스', '#クリスマス', '#Christmas', '#크리스마스트리', '#クリスマスツリー', '#Christmastree', '#메리크리스마스', '#メリークリスマス', '#MerryChristmas', '#캘리그라피', '#カリグラフィー', '#calligraphy', '#그림그리기', '#お描き', '#drawing', '#coloring', '#그림', '#絵画', '#디자인', '#デザイン', '#design', '#미술', '#アート', '#art', '#일러스트', '#イラスト', '#illustration', '#illust']"
Cmb8SqDvS4F,대전클럽,"AFTER CLUB “ALLAIR” 🎄X-MAS🎄
[🎁PRESENT THAT WE PREPARED🎁]

@cluballair_official 

[This week's Special DJ]

2022.12.23 [FRI]
 @_epiik 
2022.12.24 [SAT]
@dj_yena 
2022.12.25 [SUN]
@arkins_official 

#club #cluballair #allair #클럽올에어 #클럽 #대전클럽 #둔산동핫플 #둔산동클럽 #둔산동술집 #둔산동핫플추천 #대전핫플 #대전 #둔산동 #01#02#03 #바테이블 #문의 #디엠 #dm #크리스마스 #크리스마스파티 #xmas #연말파티","['#club', '#cluballair', '#allair', '#클럽올에어', '#클럽', '#대전클럽', '#둔산동핫플', '#둔산동클럽', '#둔산동술집', '#둔산동핫플추천', '#대전핫플', '#대전', '#둔산동', '#01', '#02', '#03', '#바테이블', '#문의', '#디엠', '#dm', '#크리스마스', '#크리스마스파티', '#xmas', '#연말파티']"
Cmbt-kbvrYA,암웨이사업가이정선,"#동탄베이킹데이
우리끼리는 웃음이 끊기질않네ㅎㅎ
#동탄
#크리스마스
#왜케맛나니😋","['#동탄베이킹데이', '#동탄', '#크리스마스', '#왜케맛나니']"
Cmbvg6vL6vt,균,"크리스마스 선물 받고 좋아하는 우리 딸 ♥︎
#아빠도행복해❤️ #사랑해💕 #웃음꽃이피었습니다🌸 #산타할아버지🎅 #크리스마스 #언제나기분좋은선물🎁 #평생행복하자우리😁 #루돌프사슴코🔴 #크리스마스트리🎄 #캐롤","['#아빠도행복해', '#사랑해', '#웃음꽃이피었습니다', '#산타할아버지', '#크리스마스', '#언제나기분좋은선물', '#평생행복하자우리', '#루돌프사슴코', '#크리스마스트리', '#캐롤']"
Cmb6GMVPCqR,청주,"한마리의 북극 곰처럼🐻‍❄️
클스마스 케익 배달 중인 채연쌤😁✌🏻

우래기들 좋아하는 모습을 보니 내가 더 햅삐❤️

💚❤️즐거운 클쑤마스 보내길 바래용❤️💚

#채연피아노 #청주피아노 #청주피아노개인레슨 #청주피아노레슨 #유아피아노 #중급피아노 #고급피아노 #지웰시티피아노 #지웰시티피아노레슨 #지웰시티피아노개인레슨  #피아노 #레슨 #청주피아노 #청주피아노개인레슨 #청주레슨 #청주방문레슨 #청주피아노방문레슨 #피아노레슨 #청주방문피아노 #청주 #소통 #음악 #예비초등피아노 #예비초등학생음악 #청주음악교육
#크리스마스 #크리스마스선물 #크리스마스케이크 #❤️🎄💚","['#채연피아노', '#청주피아노', '#청주피아노개인레슨', '#청주피아노레슨', '#유아피아노', '#중급피아노', '#고급피아노', '#지웰시티피아노', '#지웰시티피아노레슨', '#지웰시티피아노개인레슨', '#피아노', '#레슨', '#청주피아노', '#청주피아노개인레슨', '#청주레슨', '#청주방문레슨', '#청주피아노방문레슨', '#피아노레슨', '#청주방문피아노', '#청주', '#소통', '#음악', '#예비초등피아노', '#예비초등학생음악', '#청주음악교육', '#크리스마스', '#크리스마스선물', '#크리스마스케이크']"
Cmbo5rwPrD-,WooYa,"소복히 눈 쌓인
카페 밀밀세하점❄️

22.12.18",[]
CmbzPlvJxiT,hee,"🎄🎅 🎁 크리스마스에 매번 레고갖고싶다고 엄마에게 들리게 산타에게 소원빌던 웅이형제가..크리스마스가 코앞인데 선물사달라는 얘기도없고! 이제 진짜 다컸구나 싶으면서도 선물 미리준비못해 미안하기도해서

 ","['#웅이형제', '#우리집', '#잘자요', '#거실이침실되버림', '#오늘도수고했어', '#아들둘', '#사춘기', '#12살', '#크리스마스', '#육아기록', '#아들일상', '#나의사랑']"
CmbyxVUvaox,메이드바이유𖤐터프팅렐리시𖤐안산터프팅,"⠀⠀⠀
⠀⠀⠀⠀
⠀⠀
Merry Christmas~ 🎅 
⠀⠀⠀⠀
---‐--------------------------------------------------🐬⠀
⠀⠀⠀
🏷  원데이 & 정규클래스 신청 및 문의

- 프로필의 링크로 1:1 카톡
- 010.2176.1377로 메세지 또는 인스타 DM 
⠀⠀⠀⠀⠀
편하신대로 주시면 되셔요 😄⠀⠀⠀
⠀⠀⠀⠀⠀⠀⠀
⠀⠀⠀⠀
⠀⠀
#터프팅#안산터프팅#안산공방#핸드메이드#안산#고잔#러그#공예#원데이클래스#미니클래스#미니러그#터프팅거울#인테리어#소품#인테리어소품#마그넷#티코스터#취미#이색취미#여가활동#놀거리#데이트#메이드바이유#터프팅렐리시#성탄절#루돌프#크리스마스","['#터프팅', '#안산터프팅', '#안산공방', '#핸드메이드', '#안산', '#고잔', '#러그', '#공예', '#원데이클래스', '#미니클래스', '#미니러그', '#터프팅거울', '#인테리어', '#소품', '#인테리어소품', '#마그넷', '#티코스터', '#취미', '#이색취미', '#여가활동', '#놀거리', '#데이트', '#메이드바이유', '#터프팅렐리시', '#성탄절', '#루돌프', '#크리스마스']"
Cmbsp7BP2bN,유리곰,"플라잉타이커 다꾸!
아주 만능 꿀템이여!",[]
CmbuwMYv8xN,인생과자점_(상표등록),"#크리스마스에디션 오늘부터 순차발송 나갔어요🎅 내일까지 모두 발송완료될 예정이랍니다!
내일 바로 발송가능한 추가 여유수량 오픈해놨으니 혹시 놓치셨다면 서둘러주세용:)
온 종일 구디백 쪼이고 리본 묶고 요기조기 힘을 썼더니 밥 먹는데 손이 떨려요(?),,,,ㅋㅋㅋㅋ
아직도 할일이 태산이라 전 또 작업하러 가보겠숩니당
그럼 모두 편안한 밤 보내시구 우린 내일 매장에서 보아요🧡
.
.
🎄#크리스마스 에디션 택배 주문서 및 🍰홀 케이크 픽업 예약은 인스타 프로필 링크를 통해 접수해주세요:)
.
.
[해운대점 12.22(목) 라인업]
🔸️스콘류
플레인스콘
누네띠네 스콘
초콜릿 스콘
말차 화이트 스콘
레모니 스콘
얼그레이 스콘
카라멜티 초코칩 스콘
슈톨렌 스콘☃️
.
🔸️쫀득바 시리즈
버터 쫀득바
생 초콜릿 쫀득바
얼그레이 카라멜 쫀득바
피칸 허니땅콩 쫀득바
헤이즐넛 로쉐 쫀득바
연유라떼 쫀득바
말차 초코 쫀득바
황치즈 쫀득바
.
🔸️스페셜메뉴
딸기 치즈케이크🍓
카라멜 쿠키(플레인,초코)
.
.
🍒[해운대점]
달맞이길 50번길 18
매주 목금토일 낮 12시오픈:)
.
.","['#크리스마스에디션', '#크리스마스']"
Cmb0ZsfvUFf,소,"🎞️ 
.
.
.
.
.
.
.
.
. 
.

#フォローバック#いいねした人全員ファローする  #팔로우 #맞팔환영 #맞팔 #선팔하면맞팔 #선팔맞팔#좋아요테러 #좋반 #좋아요 #좋아요반사 #팔로우 #맞팔#follow4like#fff#followforfollowback#likeforlikes#like4follow #l4f #f4f #l4l #ootd #다렉 #훈녀 #훈남 #맞팔 #크리스마스 #07년생 #07 #열여섯 #06 #05 #04","['#フォローバック', '#いいねした人全員ファローする', '#팔로우', '#맞팔환영', '#맞팔', '#선팔하면맞팔', '#선팔맞팔', '#좋아요테러', '#좋반', '#좋아요', '#좋아요반사', '#팔로우', '#맞팔', '#follow4like', '#fff', '#followforfollowback', '#likeforlikes', '#like4follow', '#l4f', '#f4f', '#l4l', '#ootd', '#다렉', '#훈녀', '#훈남', '#맞팔', '#크리스마스', '#07년생', '#07', '#열여섯', '#06', '#05', '#04']"
CmbpHU_PY2W,Sung,"#🎄#🎅🏻
중간중간 사진보면 영혼없음

뜽주니도 같이 찍고싶은데
잼민이된후론 안찍으려고 하니 크리스마스때는 같이 찍어주ㄹrrrrr",[]
Cmb4tOkJkRp,설이,"라비벳에서 받은 사랑의 목도리 키트💙

너무 예쁜 실이 왔는데 똥손이라
대바늘질하다가 울고싶었지만
보호소 친구들을 위해 나름 열심히 만들고 
T단추도 달고 그위에 비숑친구 스티커 착!!!!

보호소친구들이 올겨울 따뜻하게 보낼 수 있다면‼️

올겨울 눈도 많이 오고 많이 춥다는데 
보호소친구들에게 조금이나마 보탬이되고자
신청 했는데 올겨울은 꼭 따뜻하게 보낼 수 있길🙏

p.s 좋은일 하려는데 설이 좀 웃었으면...😂

#라비벳  #사랑의목도리 #크리스마스 #기부 #이벤트 #유기견보호소 #동물보호소 #유기견 #유기묘 #사지말고입양","['#라비벳', '#사랑의목도리', '#크리스마스', '#기부', '#이벤트', '#유기견보호소', '#동물보호소', '#유기견', '#유기묘', '#사지말고입양']"
CmbuYP5BPHZ,"광주솜사탕,","눈소식에 걱정이 되어서
타지역은 어제 모두 보내 드렸어요
오늘 잘 도착한 것으로 확인 되네요😊

광주 지역은 오늘, 내일
모두 받아 보실 수 있으세요^^

오늘 솜트리 포장하면서
고객님들 반응이 어떨지 긴장 됐는데
그마음 알기라도 하신듯 택배 받으신 고객님께서
세상 예쁘다고 후기 보내 주셔서 즐겁게 포장 했어요😍

크리스마스 제품 못지 않게
솜다발 주문, 문의 많아요:)

무엇이든 예쁘고 안전하게 보내 드릴게요!

내일 픽업 고객님들 조심히 오세요🤍",[]
CmbqF6CJYc4,땅콩일기,".
#11월의크리스마스 
#엄마는 11월부터 크리스마스 타령이다 
#롯데월드몰 #트리 #크리스마스
.","['#11월의크리스마스', '#엄마는', '#롯데월드몰', '#트리', '#크리스마스']"
CmbzCb6LFir,곽예진,눈산타급발진ㅜㅜ,[]
CmbxF1ZvZ8b,"아기꽃,이서","ᵖᵃᵍᵉᵍᵉᵐ.

곰돌이 펜던트가 너무나 사랑스러운🧸
작은 손목에 귀욥게 쏙 어울리는,
미아방지팔찌가 이렇게 사랑스러울수가♡
이서도 반짝반짝 마음에 드는지 만지작 만지작ꗯ̤̮

곰돌이,토끼,사슴 아가들이 좋아하는 동물 펜던트가 가득ꪔ̤̫

˖◛⁺˖ ₜₕₐₙₖₛ ₜₒ. @page.gem_studio

#페이지잼#크리스마스#선물#실버#주얼리
#미아방지#커스텀#미아방지팔찌#미아방지목걸이#육아템","['#페이지잼', '#크리스마스', '#선물', '#실버', '#주얼리', '#미아방지', '#커스텀', '#미아방지팔찌', '#미아방지목걸이', '#육아템']"
Cmbz8hiSHyP,Mg,"😘😘😘

#시흥 #시흥프리미엄아울렛 #크리스마스 #christmas #좋아요반사 #선팔하면맞팔","['#시흥', '#시흥프리미엄아울렛', '#크리스마스', '#christmas', '#좋아요반사', '#선팔하면맞팔']"
CmbpX1zrZg6,가,"집수니가 큰맘먹고 나가게되면 모든걸 하고 들어와서 다른이들이 보기엔 매우 부지런해 보인다. 그치만 우리집 이불속이 제일 좋은걸료..
그래도 오랜만에 느껴보는 연말 분위기였ㄷㅑ🎄
놀땐 잘 놀고 누구보다 즐거웠지만, 사람 많은데 다녀와서 바로 뻗은 내향형인간.. 
컨디션 안좋은 한달이라고는 하지만, 주말 피로 수요일인데 아직도 있는거 너무하네..🤔
#크리스마스미디어파사드",['#크리스마스미디어파사드']
CmcCc3xy7uk,샵오네일,"리본포인트는애교라지😘
연말에도 과하지않아서 이뻐요ㅎㅎ","['#오네일', '#인천네일', '#부평네일']"
CmcAu4sBs3g,태꿘도따범님,곧 크리스마스🎄,[]
CmbufKhvKrv,Anna,"°트리°🎄

트 : 트윙클 × 무궁무진 
리 : 리비툼 쀨로 포즈 :D
  찰칵⚡️

santa claus 첫 맞대면한 날
트리 스폿 발견

#사랑해 #LOVE #생명체 #딸아들 #twinkle #크리스마스 #트리 #금 #ornament #골드빛 #주렁주렁 #딸아들스타그램 #육아기록 #새김 #연년생 #남매스토리 #libitum #pose #겨울 #happy #December #눈 #좋은날 #행복날","['#사랑해', '#LOVE', '#생명체', '#딸아들', '#twinkle', '#크리스마스', '#트리', '#금', '#ornament', '#골드빛', '#주렁주렁', '#딸아들스타그램', '#육아기록', '#새김', '#연년생', '#남매스토리', '#libitum', '#pose', '#겨울', '#happy', '#December', '#눈', '#좋은날', '#행복날']"
Cmbu2ibpf6r,김루리,송년회 겸 나래생파 겸 몸보신 성공 #아우디팸 😶🤟🏻,['#아우디팸']
Cmb0-6JBhdS,봄날지은,"당신의 역량은

생각보다  무궁무진해요

당신의 그릇은

생각 이상 크고 바릅니다

당신의 생각은

옳고 옳아요

부던히 애쓰지 않으니

해ㅡ 삐 해지는 연말 😃❣️

제주에서 살 날이 얼마 남지  않아
아주 아주 바쁘고

결혼도 임박하여 매우  매우 바빠지는 걸음이지만

오늘  만난 분이 해준 말처럼

선택에는 일장일단이  있다는거예요

부러 나를 만나려고 노력하지도 않는 당신들께는
손을 가뿐히 놓아  드립니다

내려놓으면 쉽더라구요

그리고 더해서

아주 내가 생각해도 쌩뚱 맞게 청첩장을
내밀때도 있는데 와 달라는것 보다 청첩장을
세번 실패만에 스스로 만든 내 청첩장을
봐달란 의미가 큽니다

저는 저의 서툼을 사랑합니다

그리고  저의 필력도 익히 알아요

요즘 만나는 사람들에게  내년 목표를 묻곤
하죠

저는 세가지 목표를 이룰겁니다

욕심나는 매물에 계약을 하고
1년간 세진의 경제적 도움을 조금 보태서
카페를 창업 할 겁니다

남편 도움 받는다고 세상이 무너지지  않아요

왜냐면 40살의 내가 더 잘 벌거니까

왜 자신 하냐면 그럴거라서 

두번째는
조카와의 이야기를 다룬 35살  이지은의 인생 고군분투기인 
<빈센트반고모> @vincentvangomi  책을 집필 할 겁니다

마지막은
지혜롭게 신혼생활 하기
저는 달마다 여행을 갈 거예요
극 E 랑 극 I가 만났습니다
누가 E인지 말 안해도 알겠지만

여행은 주6일 일하는 나의 세진이랑 가진 않습니다

혼자 갈거예요 
나는 혼자서도 씩씩하게 잘 다니며
영감을 떠올리니까요

그러하려면 지혜가 바탕이 되야 한다고 봐요

어디서 나 같은거 만나나요?  못  만나요 걔는 

이런 양아치스런 사랑스러운
당돌스러운 자신감이 넘치우는
남다른  매력의 저를요!!!!!

저도 저런 남자  못 만나요 다신!

꿈을 응원하는 존재는 극히 소수에 불과해요

갖은 핑계를  대며 당신을 조종 하려는
상대가 있다면 갖고  있을게 아니라
갖다 버리는게 맞아요!

 
긴 밤

잠시  깨버린 저는

택배를 뜯을까 합니다

다시서점에서 온 택배를요!

새근새근  조카가 옆에서 평화로움을 선사합니다

내일도 바쁠 예정

바쁠 궁리

26일  저녁 비행기 인데

해야할 일이 너무도 많아요 사실 ᆢᆢ

이명도 들리고
못 놀아준 조카랑 시간도 보내야 하고
나를 응원해주는 나의 세진이랑 잠시지만
남편과 데이트도 해야지요

바쁜 연말이지만
아시다시피
시간은  쪼개고 나누어서 
보고싶은 사람은
봐야하는게 연말의 묘미겠다고
그렇다고 실행에 움직이는 나날입니다

어쩌겠어요

감당 안되는 저를 만나

정글숲을 헤쳐나가야 하는 나의 세진은

생각보다 소신 있고 자기 주관이 강하니

절 선택한거겠죠?

두서없는 글의 끝자락에
실소가 나왔다면
저의 아줌마 필력에 반하신겁니다

바쁘다는 핑계는
좋은사람들 앞에선
갖다 버리는 연말이 되보자구요

PS.  내 에너지 보조 배터리 마냥 뽑아다 쓰는
사람과는 1분도 아깝습니다

그럼 이제  택배를 개봉해야지",[]
CmbqO3ivVmI,크림빌리지,"크리스마스가 곧 다가옵니다.
어릴 때는 크리스마스 전날밤이 무척이나
설렜죠ㅎㅎ 자고 일어나면 선물이 놓여져 있을까 기대도 되면서요

크리스마스에는 일년을 고생한 나를 칭찬하며 스스로에게 선물을 한가지씩 해보시는건 어떨까요?
Merry christmas 🎁🎅

#크리스마스 #크리스마스선물 #크리스마스그림 #캐릭터 #크림빌리지 #코지 #밍 #나나파즈 #메리크리스마스
#merrychristmas #christmas","['#크리스마스', '#크리스마스선물', '#크리스마스그림', '#캐릭터', '#크림빌리지', '#코지', '#밍', '#나나파즈', '#메리크리스마스', '#merrychristmas', '#christmas']"
CmbuHxKPdBF,슬로우위드,"⠀
얼음 결정의 생명,
눈 송이의 건축가, 서리의 불꽃,
상쾌한 겨울 공기는
이 모든 것으로 가득차 있다.

#존버로스

#네밤만자면
#크리스마스 🎄🥰
#크리스마스추천음악 #일곱번째
#OscarPeterson
#WhiteChristmas

#잘자요 🤗❄️☃️✨🌙","['#존버로스', '#네밤만자면', '#크리스마스', '#크리스마스추천음악', '#일곱번째', '#OscarPeterson', '#WhiteChristmas', '#잘자요']"
CmcCO8QvfRX,양승식,"1-8

#2022 #동고 #1학년8반 #❤️ #크리스마스 #축제 #크로플집 #파산 #군산 #분위기 #산타 #선물","['#2022', '#동고', '#1학년8반', '#크리스마스', '#축제', '#크로플집', '#파산', '#군산', '#분위기', '#산타', '#선물']"
Cmb2_mdry0Z,POTTING,"🎄 크리스마스와 
🌄 연말연시를 맞아
포팅이 여러분들께!! 
행복을 더 할
맛있는 슈톨렌을 소개합니다~🔊

골드럼에 1년간 9가지 건과일을 숙성시켜 정성껏 만든 빵입니다.

고마운 분, 사랑하는 분과
정답게 드시며
달콤하고 따스한 시간 보내시기를 바랍니다🥰

구입문의는 방문 또는 dm주세요~

#stollen
#크리스마스 선물
#연말연시 선물
#potting 
#식물카페 
#일산카페 
#식물판매 
#공간대여
#일산카페추천 
#그린
#gardening
#plant
#green
#緑
#グリーンのある暮らし 
#コーヒー
#韓国のカフェ
#リラックス","['#stollen', '#크리스마스', '#연말연시', '#potting', '#식물카페', '#일산카페', '#식물판매', '#공간대여', '#일산카페추천', '#그린', '#gardening', '#plant', '#green', '#緑', '#グリーンのある暮らし', '#コーヒー', '#韓国のカフェ', '#リラックス']"
CmbzhckLmmG,파이하우스,"#파이하우스 내일도 #딸기 가득채워둘께요^^

핸드메이드 수제파이&타르트 전문점 

🍓딸기타르트 개시!! 샤인머스캣타르트 
🍓딸기생크림케이크 개시!
🧀바스크치즈케이크 new 

🥧호두파이 대표 Best👍
🥧피칸파이🥧피넛파이
🥧펌킨파이 (단호박타르트) Best 시그니쳐👍
🧀 바스크치즈 타르트
🫐블루베리파이
🍑 복숭아파이
🍎애플파이 Best👍
🍫 핑크솔트초코타르트
🍌바나나크럼블타르트
🍠고구마타르트 
🍫오레오타르트 
🥬말차타르트 

💥수제쿠키🍪아몬드초코칩쿠키🍪발로나초코쿠키🍪 

요리하는카페 💕💕  파이하우스
#PIEHOUSE 
저희 파이하우스는 매일 아침 정성가득 구워내는 수제파이 타르트전문점입니다. ✔무방부제 ✔무색소 ✔합성첨가물NO ✔100%천연버터✔최상의재료 엄마마음으로 정성을 다해 만드는 건강한 영양간식! 

#tart#pie#호두파이#펌킨파이#애플파이#호두파이맛집#펌킨파이맛집#단호박타르트#대치동카페#한티역카페#선릉카페#빵스타그램#pumpkinpie#딸기타르트#딸기케이크#바스크치즈케이크#한티#대치#강남#역삼#도곡#선릉#선물#간식#디저트그램#크리스마스선물예약#크리스마스","['#파이하우스', '#딸기', '#PIEHOUSE', '#tart', '#pie', '#호두파이', '#펌킨파이', '#애플파이', '#호두파이맛집', '#펌킨파이맛집', '#단호박타르트', '#대치동카페', '#한티역카페', '#선릉카페', '#빵스타그램', '#pumpkinpie', '#딸기타르트', '#딸기케이크', '#바스크치즈케이크', '#한티', '#대치', '#강남', '#역삼', '#도곡', '#선릉', '#선물', '#간식', '#디저트그램', '#크리스마스선물예약', '#크리스마스']"
Cmbpi2qr0LA,@bomnal_ggoma,"아이 생일파티
여기저기 포장픽업에
배달이면 배달비 3000원X3

한번에 보내드립니당♡

봄날뚱꼬마 20개 세트
피자 불고기or콘소시지
R/L선택 
치킨은 순살!!!!(국내산 닭다리살)

많은 이용바랍니당!!
예약하시면 서비스있습니다♡

#뚱꼬마김밥#홈파티#크리스마스#송년회#파티룸#점핑고#생일파티#아이생일#빛가람동#김밥맛집#세가지를 동시에#배달비아끼세요♡#","['#뚱꼬마김밥', '#홈파티', '#크리스마스', '#송년회', '#파티룸', '#점핑고', '#생일파티', '#아이생일', '#빛가람동', '#김밥맛집', '#세가지를', '#배달비아끼세요']"
Cmby9okP0eW,박혜옥,"이집의 작디작은 오븐렌지로 열심히 또 한판구워보았음👩🏻‍🍳
효니는 나에게 와서 영혼없는투로
클쓰선물하고 싶었는데 엄마덕분에 줄수있겠다며💕시후랑 통에서 어찌나 주워먹던지,,,
결국 이통은 공기반 과자반이됨🤦🏻‍♀️
#애미는파티쉐
#크리스마스
#목마른사슴이우물을찾듯
#시후는_우유를3통조짐","['#애미는파티쉐', '#크리스마스', '#목마른사슴이우물을찾듯', '#시후는_우유를3통조짐']"
Cmbv8CIrYqB,昰暻,#diorbeauty,['#diorbeauty']
Cmbqsa9J8-Y,ㅊㅣ치✨,"👧🏻
/
우리집 사랑둥이 
ㄴㅐ새꾸들 쓰리샷🐶🐶👧🏻🎄
크리스마스 때 모하쥐...🤔🤔🤔
.
#홍설성장기록 #애개육아","['#홍설성장기록', '#애개육아']"
CmbywHMSsPL,@2tae2zzang,"💌태이 첫 크리스마스🎄
주호랑 지오랑 함께 한 미리 크리스마스🎄💗
임산부 요가하며 알게 된 너무 좋은 언니들💕 
지금처럼 행복하자 아가들🤍

#호랑이띠 #호랑이띠맘 #흑호랑이띠 #흑호랑이띠맘 #흑호랑이띠아기 #육아 #육아소통 #육아스타그램 #일상 #크리스마스 #아기 #사랑해","['#호랑이띠', '#호랑이띠맘', '#흑호랑이띠', '#흑호랑이띠맘', '#흑호랑이띠아기', '#육아', '#육아소통', '#육아스타그램', '#일상', '#크리스마스', '#아기', '#사랑해']"
Cmb94ZpBYt5,리뷰맛집,"#Repost @maxsun_no1 
——
[이벤트] Merry Safe MA~X-MAS! 산타의 선물을 찾아라!

폭발방지 맥스부탄이 겨울철 부탄가스
안전 캠페인으로 매년 12월25일을
메리크리스마스를 패러디한
 ‘Merry Safe Max-MAS’로 
부르고 싶습니다. 어떠신가요? 맥스 패밀리 여러분? ^0^

*패러디(parody)란?
-  기존 원본에서 따와서 재생산해 사용하는 콘셉트

자~다음과 같은 보기의 3개의 선물 그림중 
MA~X-MAS 맥스산타의 선물이 든 그림을 골라
센스있는 댓글로 남겨 주시면 푸짐한 선물을 드립니다~!

지금부터 고민보다 go ^^&

■ 이벤트 안내 
▶ 이벤트 기간 : 2022년 12월 20일 ~ 12월 26일까지! 
▶ 당첨자 발표 : 2022년  12월  28일
*당첨자 발표는 상황에 따라 변경될 수 있습니다. 

▶ 이벤트는 이렇게 참여 하세요!
👉 필수 : 정답과 함께 센스있는 간단 소감
👉 필수 : @친구들과 함께 소문내고 댓글로 URL
👉 필수 : 오피셜 채널 ‘친구추가’  필수

#경품
1. MA~X-MAS 케익교환권 1명
2. MA~X-MAS 영화예매권(2매) 2명
3. MA~X-MAS 문화상품권 1만원 3명
4. 커피 기프티콘 10명

※당첨자는 주최측 사정에 의해 발표가 연기 될 수 있습니다.
※경품은 주최측 사정에 따라 예고 없이 변경될 수 있습니다.

본 이벤트는 맥스부탄 공식 SNS 채널 동시 진행 이벤트 입니다.
당첨자 선정은 맥스부탄 공식 SNS채널 통합 추첨입니다.
해당 이벤트에 중복 응모/당첨 시,취소가 될수 있습니다.

#맥스부탄 #대륙제관 #안터져요 #맥스캠핑렌지 #캠핑렌지 #맥스미니렌지 #맥스캠핑렌지 #맥스폴더렌지 #파열방지 #CRV #크리스마스 #크리스마스이벤트","['#Repost', '#경품', '#맥스부탄', '#대륙제관', '#안터져요', '#맥스캠핑렌지', '#캠핑렌지', '#맥스미니렌지', '#맥스캠핑렌지', '#맥스폴더렌지', '#파열방지', '#CRV', '#크리스마스', '#크리스마스이벤트']"
CmbrBgXrIkd,SY,쇼핑부터 물놀이까지 오늘 하루 완벽쓰😁,[]
CmbqIt9vc1N,@angena._.diary,"⠀
오랜만에 색 보정...✨ ⠀
⠀
#다꾸#다이어리#꾸미기#스티커#씰스티커#육공다이어리#일기#다꾸하기#다이어리꾸미기#취미#취미생활#마테#문구#일기#다꾸러맞팔#다꾸러#다꾸하기#다꾸#어버블크러쉬다이어리#아이오스튜디오#크리스마스","['#다꾸', '#다이어리', '#꾸미기', '#스티커', '#씰스티커', '#육공다이어리', '#일기', '#다꾸하기', '#다이어리꾸미기', '#취미', '#취미생활', '#마테', '#문구', '#일기', '#다꾸러맞팔', '#다꾸러', '#다꾸하기', '#다꾸', '#어버블크러쉬다이어리', '#아이오스튜디오', '#크리스마스']"
CmbtV_mS6yt,미우아카데미창원점,"꾸준히 인기많은 요 아이 👍🏻👍🏻❤️‍🔥

🔱이벤트🔱
•패디플래닝 10만원➡️6만원 이벤트 중

•인스타, 네이버 리뷰 작성 시 5000p 적립 

•꼼꼼 오버레이 서비스

•정액권 구매 시 전 시술 5%~20% 할인

•수요일 야간 예약 가능 !!

📌필독📌
▫️예약 시 젤제거, 랩핑, 연장 꼭 체크해주세용 
▫️네일문의는 카카오톡 오픈채팅 ",[]
CmbsCEehA7o,유영,"종강하고 드뎌 애들을 만났다!!
오랜만에 애들 만나서 너무 반갑더라~

원래 목적은 대학로 가서 다이어리 사는 거였는데 바로 명동으로 가서 신세계 백화점 간 역시 우리 P형들👍👍👍

오늘 진짜 배 아플 정도로 너무 마니 웃어서 재밌었어~!!

#대학로 #명동신세계백화점 #크리스마스 #눈❄ #내년에도잼께놉시다🎶","['#대학로', '#명동신세계백화점', '#크리스마스', '#눈', '#내년에도잼께놉시다']"
Cmbv2G5Jf6C,이서영,"상여자특) 맨손으로 눈사람 만듦
하여자특) 장갑끼고 눈사람 만듦
맨손으로 눈사람 만든 은영이에게 박수 쳐주세요.

#겨울 #크리스마스 #눈곰 #친구","['#겨울', '#크리스마스', '#눈곰', '#친구']"
Cmb2vo4p7PE,윤이랑,"오랜만에 올리는 윤이 사진!
셀티 윤이는 윤돌프로 변신
울애기는 요렇게 폭풍성장했어요!
#미리크리스마스
#개돌프
#셀티

.
.
.
.
.
.
.
#아기랑강아지#애개육아#셰틀랜드쉽독#셀티그램#멍팔#댕팔#강아지#일상#크리스마스#루돌프#아기키우는집#쉽독#멍친#반려견#블루독베이비","['#미리크리스마스', '#개돌프', '#셀티', '#아기랑강아지', '#애개육아', '#셰틀랜드쉽독', '#셀티그램', '#멍팔', '#댕팔', '#강아지', '#일상', '#크리스마스', '#루돌프', '#아기키우는집', '#쉽독', '#멍친', '#반려견', '#블루독베이비']"
Cmb2OA6P1F6,hj,"👉👉 끝까지 밀어보기
@carrie_kidscafe

친구들 안녕 🧑‍🎄 캐리크리스마스 🎄
2022년 마지막을 준비하며 친구들을 위해 이벤트를 준비했어요!

하나. 네이버 영수증 리뷰 작성 시 수분이 팡팡💧! 언제 어디서나 촉촉한 캐리 포레스트 핸드크림을 선물로 드린답니다 👐💛

둘. 인스타그램에서 캐카와 친구가 되어주세요! 이벤트 기간동안 동반 보호자 1인 입장권이 무료라구요! 😍

추운 겨울 마음 깊은 곳까지 따뜻함이 전해지는 캐카에서 행복한 크리스마스 보내세요 🎅🎄🌟

자세한 문의사항은 각 매장으로 문의주시기 바랍니다.

캐리키즈카페 여의도IFC몰점 02-6137-5276
캐리키즈카페 김포소극장점 070-7576-0379
-
#연아맘_캐리키카 #연아맘_크리스마스
#캐리키즈카페 #크리스마스 #크리스마스이벤트 #캐리키카
#키즈카페 #이벤트 #네이버영수증 #팔로우 #친구
#캐리TV #캐리티비 #캐리와친구들 #캐리TV서포터즈10기","['#연아맘_캐리키카', '#연아맘_크리스마스', '#캐리키즈카페', '#크리스마스', '#크리스마스이벤트', '#캐리키카', '#키즈카페', '#이벤트', '#네이버영수증', '#팔로우', '#친구', '#캐리TV', '#캐리티비', '#캐리와친구들', '#캐리TV서포터즈10기']"
CmbtEnlPdLH,@h2okke,"예쁜 도넛 가게에서❣️
둥이들은 협조를 안해줘서 사진을 못 찍음ㅋㅋ
#크리스마스 #크리스마스트리 #다둥이맘 #아들맘 #육아맘 #다섯살 #16개월아기 #일란성쌍둥이 #쌍둥이 #아들둥이 #강화도카페","['#크리스마스', '#크리스마스트리', '#다둥이맘', '#아들맘', '#육아맘', '#다섯살', '#16개월아기', '#일란성쌍둥이', '#쌍둥이', '#아들둥이', '#강화도카페']"
CmbzgQlh3Iq,@june_365_day,#눈이많이내린날☃️#주임님과1주년점심#크리스마스@m__origin #곱샐러드#아보카도샌드위치#귀여운눈사람☃️#오늘회원님들께크리스마스쿠키선물#항상더감사합니다,"['#눈이많이내린날', '#주임님과1주년점심', '#크리스마스', '#곱샐러드', '#아보카도샌드위치', '#귀여운눈사람', '#오늘회원님들께크리스마스쿠키선물', '#항상더감사합니다']"
CmbsfBayvWK,김선생,"✏️ 20221212

이번 크리스마스 선물은 미리 받았다.
다꾸 초보라서 이렇게 사진으로 메인을 잡으니 편하다.
사진으로 기록을 남길 수 있어서 좋다.
코닥미니3레트로 포토프린트기 짱💛

#다꾸 #다꾸스타그램 #다꾸스티커 #다꾸러 #다꾸초보 #다꾸맞팔 #다꾸계정 #다꾸맞팔환영 #다이어리 #다이어리꾸미기 #다이어리그램 #다이어리꾸미기그램 #다이어리쓰기 #일기 #일기스타그램 #코닥 #코닥미니3레트로 #포토프린터 #크리스마스 #크리스마스선물","['#다꾸', '#다꾸스타그램', '#다꾸스티커', '#다꾸러', '#다꾸초보', '#다꾸맞팔', '#다꾸계정', '#다꾸맞팔환영', '#다이어리', '#다이어리꾸미기', '#다이어리그램', '#다이어리꾸미기그램', '#다이어리쓰기', '#일기', '#일기스타그램', '#코닥', '#코닥미니3레트로', '#포토프린터', '#크리스마스', '#크리스마스선물']"
Cmb3FJfPQJd,@xx_eve_e,미리 메리 크리스마스,[]
Cmb0pI0vNxl,Soyoung,"초.중땐 나보다 째깐햇던것이 ㅋㅋ
고딩때부터인듯..나보다커지기시작한게 ㅋㅋ
아놔..차이 너무나네 ㅎㅎㅎ
이젠 내가 젤 작아 ㅎㅎ
짧은 만남 즐거웠네~담엔 길게~~~^^
차도 빵도 사진도 고마버~~😍

.
.

#친구 #40년지기 #키차이 #우정 #인연 #포레리움 #forerium #크리스마스 #트리","['#친구', '#40년지기', '#키차이', '#우정', '#인연', '#포레리움', '#forerium', '#크리스마스', '#트리']"
CmWxXrrIYox,🇰🇷🇩🇪,"이때는이렇게아플줄모르고엄청큰산타모자쓰고신났더랬지-
.
.
.
.
.
.
.
.
.
.
.
.
.
.
.
.
.
#selfie #셀피 #셀스타그램 #사진소통 #셀카그램 #사진 #일상 #여행 #여행스타그램 #여행사진 #travel #travelgram #travelphotography #photography #얼스타그램 #얼스타 #인생샷 #인생사진 #photooftheday #사진계정 #유럽여행 #selca  #스냅 #스냅사진 #snap #snapshot #크리스마스 #christmasmarket #weihnachtsmarkt #strasbourg","['#selfie', '#셀피', '#셀스타그램', '#사진소통', '#셀카그램', '#사진', '#일상', '#여행', '#여행스타그램', '#여행사진', '#travel', '#travelgram', '#travelphotography', '#photography', '#얼스타그램', '#얼스타', '#인생샷', '#인생사진', '#photooftheday', '#사진계정', '#유럽여행', '#selca', '#스냅', '#스냅사진', '#snap', '#snapshot', '#크리스마스', '#christmasmarket', '#weihnachtsmarkt', '#strasbourg']"
Cmb6klahmQK,채,🎄,[]
Cmb1Y-urm6d,도헌,집콕 미리 클스마스 분위기 🎄💕,[]
CmbsSs3PnpR,ᏩᎪ,"Posted @withrepost • @scandic_official #스칸딕퍼니처 #크리스마스 #체험단이벤트

12월 마지막 달,
크리스마스와 함께
연말 준비 잘 하고 계신가요~? 😃

스칸딕 가구는 여러분의 한해를
잘 마무리 하였으면 하는 바람으로
특별한 가구와 함께 체험단 이벤트로 돌아왔답니다, 🤎

그럼, 이번 연말을 더욱 풍요롭게 만들어 줄
스칸딕 가구를 알아보까요!?

🏷️메디오 원목 높은 수납장

- 볼레일을 사용하여 부드러운 여닫이 서랍
- 빈티지하고 트랜디한 디자인
- 원목 가구로 더욱 튼튼한 내구성
(프로필, 스마트스토어 링크를 통해 제품을 구경해 보세요!)

모집 기간 : 12.7 (수) ~ 12.21 (수)
당첨자 개별 발표 : 12.23 (금)

단, 2주간 진행되는 스칸딕 가구 이벤트
놓치지 말고 참여해 보세요!

✔ 체험단 이벤트 참여 방법
➀ 스칸딕 퍼니처 ","['#스칸딕퍼니처', '#크리스마스', '#체험단이벤트']"
CmbrKAvv9pG,PSH,"🎄
작은트리로 첨 도전해봄
둘이 고사리손으로 너무잘하네
👶 어때에? 잘하지이~~
.
.
#크리스마스#트리#내사랑둘#내보물#내아기","['#크리스마스', '#트리', '#내사랑둘', '#내보물', '#내아기']"
CmbtHHXB160,아임해지,"커플룩 입고갔지만 알둥이는 효도용 사진2개만 찍어주고
줄행랑ㅋㅋㅋ🤣
그래서 갈수록 인스타 지분이 내지분이 늘어나는거에요.
좋은건지...슬픈건지...😂",[]
Cmb1EfFPeDL,임재승,"그래도 내고향
대동점이 체고야!!👍👍💯💯
행복그잡채😊🥰
모두들 미리메리크리스마스🎅🎁🎄🎂
#오운완 #오🎾완 #운동하는여자 #운동하는남자 #테니스치는여자 #테니스치는남자 #테니스레슨 #실내테니스레슨 #실내테니스 #창원실내테니스 #부산실내테니스 #크리스마스 #크리스마스선물 #산타 
#테린이 #테린이성장일기 #소통 #좋반 #소확행 #일기스타그램 #일상스타그램","['#오운완', '#오', '#운동하는여자', '#운동하는남자', '#테니스치는여자', '#테니스치는남자', '#테니스레슨', '#실내테니스레슨', '#실내테니스', '#창원실내테니스', '#부산실내테니스', '#크리스마스', '#크리스마스선물', '#산타', '#테린이', '#테린이성장일기', '#소통', '#좋반', '#소확행', '#일기스타그램', '#일상스타그램']"
Cmb2C2DPqlu,@piglet0312,"잊지말자, 올해의 크리스마스를🎄❤",[]
CmbvLsLvYtp,jonghoa,"운동 끝나고 이뻐서 카메라를 들고 찰칵✨📷

#소니카메라 #크리스마스 #야경
#sonykorea #sony #곰인형 #카페#울산#북구#christmas #xmas 
#traveltips #야경카페 #cannon #fujifilm 
#소니미러리스 #미러리스 #소니이미지스토밍","['#소니카메라', '#크리스마스', '#야경', '#sonykorea', '#sony', '#곰인형', '#카페', '#울산', '#북구', '#christmas', '#xmas', '#traveltips', '#야경카페', '#cannon', '#fujifilm', '#소니미러리스', '#미러리스', '#소니이미지스토밍']"
Cmbq_D3vUmv,김다희,"+268❤️💚
⠀⠀
⠀⠀
미리 𝕞𝕖𝕣𝕣𝕪 𝕔𝕙𝕣𝕚𝕤𝕥𝕞𝕒𝕤🎄

#merrychristmas #트리맛집","['#merrychristmas', '#트리맛집']"
Cmbqw0zvACC,ʕ,"🎄

📍 #가배도신논현
🗓 2022.12.10
⠀",['#가배도신논현']
Cmb2LAsr5WT,정성아,"이벤트 홈

https://www.instagram.com/p/CmIdHg1ryG7/

cccv.official
#CCCVEVENT_CVENT
#CCCVEVNET

🌟크리스마스 소원 댓글 이벤트🌟
크리스마스 소원 댓글을 달고
베스킨라빈스 파인트 받아가세용(*˙˘˙)♡

연말이 되니 두근두근~ 설레이고💕
추울 때 아이스크림이 별미아닙니까아~??(ゝω･)ﾉ

🎄참여 방법
① @cccv.official 팔로우& 해당 게시글 좋아요❤️
② 게시글에 크리스마스 소원 댓글 남기기!
(예시: 눈이 왔으면~/ 가족들과 함께~ 등 자율!)
📢 친구 태그/ 스토리, 게시글 공유까지 하면 당첨 확률 UP‍🔥

🎄참여 기간
12월 14일 (수) ~ 12월 22일 (목)

🎄당첨자 발표
12월 23일 (금) 당첨자 발표 피드 확인

🎄이벤트 경품
베스킨라빈스 파인트(10명)

#씨씨씨뷔 #CCCV #이벤트 #EVENT #크리스마스 #소원댓글 #소원 #댓글이벤트 #베스킨라빈스 #베라 #CCCVNFT #NFT #NFT오픈마켓 #이벤트참여 #팔로우

@cccv.official","['#CCCVEVENT_CVENT', '#CCCVEVNET', '#씨씨씨뷔', '#CCCV', '#이벤트', '#EVENT', '#크리스마스', '#소원댓글', '#소원', '#댓글이벤트', '#베스킨라빈스', '#베라', '#CCCVNFT', '#NFT', '#NFT오픈마켓', '#이벤트참여', '#팔로우']"
CmbyXEPr9qq,@o.eez_,"안돼,,,, 방금 생각났어ㅜㅜ
지하에 거꾸로 트리 있는데 안 찍고 왔네🤦🏻‍♀️",[]
Cmbq_Oej3qZ,모나리자,"먹는 모습 이쁘동 👏👏👏
성탄총동원 콘서트에서 만납시동😘🙆‍♀️
#리그램 - @showplay_concert by @get_regrammer
#정동원

정동원 2nd 성탄총동원
2nd JEONG DONG WON’S CHRISTMAS CONCERT

💚 D-3 💚
동원이는 지금 무엇을 하고 있는 걸까요?
다가오는 24일 25일 성탄총동원 콘서트에서 확인하세요 !🎄

공연기간 : 2022년 12월 24일(토) ~ 25일(일)
공연시간 : 12월 24일(토) 6PM / 12월 25일(일) 4PM
공연장소 : 킨텍스 제1전시장 1홀
티켓가격 : VIP석 143,000원 / R석 132,000원 / S석 121,000원

#정동원콘서트_성탄총동원 #정동원 #크리스마스
#쇼플레이 #쇼플레이엔터테인먼트","['#리그램', '#정동원', '#정동원콘서트_성탄총동원', '#정동원', '#크리스마스', '#쇼플레이', '#쇼플레이엔터테인먼트']"
Cmb7Gfgh4jG,수,"마음의 상처 때문에 올바름을 향하는 과정 속에서 저항감이 무척 심했다. 그렇지만 이제는 마음을 굳게 잡고 싶다. 나를 위해 마음을 써주는 사람들을 위해서라도. 내면에 깃든 평화의 맛을 다시 음미하기 위해.

-
여기 크로와상 댕맛있음.",[]
CmbqhxhvcK4,빈나,"제 피드에 자주 나오는 사랑스런 미니트리 
크리스마스무드는 겨울 내내니깐요 ᵕᴗᵕ 
2월까지 제 피드에 등장할 예정이예요

앙증맞은 사이즈에 폼폼 오너먼트,전구까지 
있어서 어디에 둬도 포인트 제대로라서
사진찍을때 여기저기 들고 다니고 있어요 😂
내년도 내후년 겨울에도 계속 등장 예정이라구요 ’◡‘ 

트리가 이미 있으시다면 폼폼 오너먼트만 따로 
구입할 수 있는데 요거 하나로 따스한 분위기 가득!
특히 귀여운 양말 폼폼이 🧦 넘넘 귀엽쥬 !?

마지막 영상 줄타는 산타처럼 오늘도 바빴다 하핫
나는 쏠로 보면서 집안청소하고 자야겠어요 
모두 굿나잇입니다 🌙

제품제공 폼폼미니트리  @our.dily
#겨울소품#폼폼이#미니트리#크리스마스소품#크리스마스트리#크리스마스오너먼트#크리스마스#아워딜리","['#겨울소품', '#폼폼이', '#미니트리', '#크리스마스소품', '#크리스마스트리', '#크리스마스오너먼트', '#크리스마스', '#아워딜리']"
Cmbt2laP_pm,묘,이 정도 나무쯤이야 거뜬하게 안을 수 있지⛄️,[]
Cmb0956JghN,이가은,산타는 없거든 ㅋ,[]
Cmbq1jfyXq-,그리다,".
그리다의 겨울나기🎄☃️🫶🏻

#그리다 #그리다미술 
#침산동미술 #침산동미술추천
#침산동 #칠성동 #칠성동미술
#드로잉중심미술 #아동미술
#침산동원데이미술 #침산동성인미술
#크리스마스 #겨울미술 #트리 #캐릭터 #수채화 #대구맘 #대구미술","['#그리다', '#그리다미술', '#침산동미술', '#침산동미술추천', '#침산동', '#칠성동', '#칠성동미술', '#드로잉중심미술', '#아동미술', '#침산동원데이미술', '#침산동성인미술', '#크리스마스', '#겨울미술', '#트리', '#캐릭터', '#수채화', '#대구맘', '#대구미술']"
Cmbz6adLLo7,여수,"⠀
여자친구 분은 핑크, 오렌지 계열의
은은하고 귀여운 컬러를!
남자친구 분은 진한 블루 컬러의 직사각 큐빅으로
완전 다른 스타일의 반지 만들어주셨어요😊
꼭 오셔서 같은 디자인으로 만들어야하는 것은 아니에요!
함께 만든다는 것에 의미를 두어 예쁜 반지 만들어 가셨습니다🥰
⠀
✔️은점토 반지 당일 수령 가능합니다.
✔️은점토 반지는 순은 99.9%로 땀이나 화학성분(화장품, 손세정제, 향수, 바디워시 등)에 빠르게 변색될 수있습니다.
✔️변색되지 않도록 착용하지 않으실 때는 지퍼백에 보관해주세요.
✔️변색 되었을 시 은세정제 사용해주시거나 치약을 부드러운 천에 묻혀 닦아주세요.",[]
